-------------------------------------------------------------------------------------------------------------------
      name:  <unnamed>
       log:  /Users/seunghyeon/myproject/Microeconometrics/Topic1/seunghyeon/log_output.log
  log type:  text
 opened on:  28 Sep 2026, 00:47:24

. 
. 
. * ==========================================================
. * STEP 1. 데이터 불러오기 및 확인
. *   [과제 PDF: "The two NSW samples" 문단 — 어느 파일을 열었는지 확인]
. * ==========================================================
. 
. use "nsw_dw.dta", clear

. * Dehejia & Wahba의 실험 서브표본 (185 treated + 260 control = 445명).
. 
. describe

Contains data from nsw_dw.dta
 Observations:           445                  
    Variables:            11                  18 May 2012 09:35
-------------------------------------------------------------------------------------------------------------------
Variable      Storage   Display    Value
    name         type    format    label      Variable label
-------------------------------------------------------------------------------------------------------------------
data_id         str20   %20s                  
treat           float   %9.0g                 
age             float   %9.0g                 
education       float   %9.0g                 
black           float   %9.0g                 
hispanic        float   %9.0g                 
married         float   %9.0g                 
nodegree        float   %9.0g                 
re74            float   %9.0g                 
re75            float   %9.0g                 
re78            float   %9.0g                 
-------------------------------------------------------------------------------------------------------------------
Sorted by: 

. summarize

    Variable |        Obs        Mean    Std. dev.       Min        Max
-------------+---------------------------------------------------------
     data_id |          0
       treat |        445    .4157303    .4934022          0          1
         age |        445    25.37079    7.100282         17         55
   education |        445    10.19551    1.792119          3         16
       black |        445    .8337079    .3727617          0          1
-------------+---------------------------------------------------------
    hispanic |        445    .0876404    .2830895          0          1
     married |        445    .1685393    .3747658          0          1
    nodegree |        445    .7820225    .4133367          0          1
        re74 |        445    2102.265    5363.582          0   39570.68
        re75 |        445    1377.138    3150.961          0   25142.24
-------------+---------------------------------------------------------
        re78 |        445    5300.764    6631.492          0   60307.93

. tab treat

      treat |      Freq.     Percent        Cum.
------------+-----------------------------------
          0 |        260       58.43       58.43
          1 |        185       41.57      100.00
------------+-----------------------------------
      Total |        445      100.00

. * treat==1이 185명, treat==0이 260명으로 나와야 정상.
. * 다른 숫자가 나오면 nsw.dta(297/425, LaLonde 원본)를 잘못 연 것.
. 
. 
. * ==========================================================
. * STEP 2. Experimental benchmark 계산
. *   [과제 PDF Reproduce 항목 1: "The published value is $1,794"]
. * ==========================================================
. 
. ttest re78, by(treat)

Two-sample t test with equal variances
------------------------------------------------------------------------------
   Group |     Obs        Mean    Std. err.   Std. dev.   [95% conf. interval]
---------+--------------------------------------------------------------------
       0 |     260    4554.801    340.0931    5483.836    3885.102    5224.501
       1 |     185    6349.144    578.4229    7867.402    5207.949    7490.338
---------+--------------------------------------------------------------------
Combined |     445    5300.764    314.3629    6631.492     4682.94    5918.588
---------+--------------------------------------------------------------------
    diff |           -1794.342    632.8534                -3038.11   -550.5745
------------------------------------------------------------------------------
    diff = mean(0) - mean(1)                                      t =  -2.8353
H0: diff = 0                                     Degrees of freedom =      443

    Ha: diff < 0                 Ha: diff != 0                 Ha: diff > 0
 Pr(T < t) = 0.0024         Pr(|T| > |t|) = 0.0048          Pr(T > t) = 0.9976

. * treat==1 vs treat==0의 1978년 소득(re78) 평균 차이. $1,794 근처가 나와야 함.
. 
. regress re78 treat

      Source |       SS           df       MS      Number of obs   =       445
-------------+----------------------------------   F(1, 443)       =      8.04
       Model |   348013183         1   348013183   Prob > F        =    0.0048
    Residual |  1.9178e+10       443  43290369.3   R-squared       =    0.0178
-------------+----------------------------------   Adj R-squared   =    0.0156
       Total |  1.9526e+10       444  43976681.9   Root MSE        =    6579.5

------------------------------------------------------------------------------
        re78 | Coefficient  Std. err.      t    P>|t|     [95% conf. interval]
-------------+----------------------------------------------------------------
       treat |   1794.342   632.8534     2.84   0.005     550.5745     3038.11
       _cons |   4554.801   408.0459    11.16   0.000     3752.855    5356.747
------------------------------------------------------------------------------

. * 같은 숫자를 회귀분석으로 재확인 (단순 평균차이 = 단순회귀의 기울기).
. scalar benchmark_dw = _b[treat]

. * Step 9(Sample selection)에서 이 DW-sample benchmark(약 $1,794)를
. * 다시 불러 쓸 것이므로 scalar로 저장해둔다.
. 
. 
. * ==========================================================
. * STEP 3. Working sample 구성 (NSW treated + CPS-1 comparison group)
. *   [과제 PDF Reproduce 항목 2: "the treated units from nsw_dw.dta
. *    plus cps_controls.dta"]
. *
. *   여기서부터는 나중에 Step 4(propensity score), Step 5(stratification),
. *   Step 7(matching)에서 전부 재사용할 covariate들(age2, educ2, u74, u75,
. *   개인 식별용 id)을 미리 만들어서 저장해둔다.
. * ==========================================================
. 
. use "nsw_dw.dta", clear

. drop if treat == 0
(260 observations deleted)

. * nsw_dw.dta의 원래 control(260명)은 여기서는 버린다.
. * (그건 Step 2의 experimental benchmark 계산에만 쓰는 것.)
. 
. append using "cps_controls.dta"

. * CPS-1 comparison group(15,992명, 전부 treat==0)을 이어붙인다.
. replace treat = 0 if missing(treat)
(0 real changes made)

. * append 과정에서 혹시 treat이 비어있는 채로 들어온 관측치가 있으면 0으로 채움
. * (cps_controls.dta는 애초에 treat이 다 0으로 채워져 있어야 정상이지만 안전장치).
. 
. gen age2  = age^2

. gen educ2 = education^2

. gen u74   = re74 == 0

. gen u75   = re75 == 0

. * u74, u75 = "1974/1975년 소득이 정확히 0이었는가" dummy.
. * 전체 표본의 상당수가 re74=0인 mass point를 이루므로, re74를 선형으로만
. * 넣으면 이 패턴을 놓친다 — 그래서 별도 dummy로 추가.
. 
. gen age3      = age^3

. gen educ_re74 = education * re74

. * DW의 Table 3 각주 (g) CPS-1 propensity score specification에 정확히
. * 나온 항들. age3 = age의 세제곱, educ_re74 = 교육연수 x 1974년 소득.
. * (u74*black은 PSID-1 전용 항이라 CPS-1에는 안 들어간다 — 이전에 잘못
. *  안내했던 부분을 정정함.)
. 
. gen long id = _n

. * 개인 식별 번호. Step 7(matching)에서 "누가 누구와 매칭됐는지" 기록하려면 필요.
. 
. tab treat

      treat |      Freq.     Percent        Cum.
------------+-----------------------------------
          0 |     15,992       98.86       98.86
          1 |        185        1.14      100.00
------------+-----------------------------------
      Total |     16,177      100.00

. * treat==1: 185명, treat==0: 15,992명이 나와야 정상.
. 
. save "merged.dta", replace
file merged.dta saved

. * 이 파일을 Step 4 이후 전 과정에서 계속 불러 쓴다.
. 
. 
. * ==========================================================
. * STEP 3b (검증 — propensity score 추정 전, 데이터 자체가 맞는지 확인)
. *
. *   여기서 비교하는 건 순수한 표본 평균이라 logit spec이나 최적화
. *   방식과 전혀 무관하다. 이게 DW(1999) Table 1과 맞아야, 이후
. *   단계(Step 4 이후)에서 나오는 차이가 "데이터가 다른 것"이 아니라
. *   "score 추정/매칭 알고리즘의 차이"라고 확신할 수 있다.
. * ==========================================================
. 
. use "merged.dta", clear

. 
. di _n as txt "{hline 78}"

------------------------------------------------------------------------------

. di as txt "DW(1999) Table 1과 비교 — 원본 covariate 평균 (score 추정 전)"
DW(1999) Table 1과 비교 — 원본 covariate 평균 (score 추정 전)

. di as txt "{hline 78}"
------------------------------------------------------------------------------

. 
. foreach v in age education black hispanic nodegree married re74 re75 {
  2.     tabstat `v', by(treat) stat(n mean) format(%9.3f)
  3. }

Summary for variables: age
Group variable: treat 

   treat |         N      Mean
---------+--------------------
       0 | 15992.000    33.225
       1 |   185.000    25.816
---------+--------------------
   Total | 16177.000    33.141
------------------------------

Summary for variables: education
Group variable: treat 

   treat |         N      Mean
---------+--------------------
       0 | 15992.000    12.028
       1 |   185.000    10.346
---------+--------------------
   Total | 16177.000    12.008
------------------------------

Summary for variables: black
Group variable: treat 

   treat |         N      Mean
---------+--------------------
       0 | 15992.000     0.074
       1 |   185.000     0.843
---------+--------------------
   Total | 16177.000     0.082
------------------------------

Summary for variables: hispanic
Group variable: treat 

   treat |         N      Mean
---------+--------------------
       0 | 15992.000     0.072
       1 |   185.000     0.059
---------+--------------------
   Total | 16177.000     0.072
------------------------------

Summary for variables: nodegree
Group variable: treat 

   treat |         N      Mean
---------+--------------------
       0 | 15992.000     0.296
       1 |   185.000     0.708
---------+--------------------
   Total | 16177.000     0.301
------------------------------

Summary for variables: married
Group variable: treat 

   treat |         N      Mean
---------+--------------------
       0 | 15992.000     0.712
       1 |   185.000     0.189
---------+--------------------
   Total | 16177.000     0.706
------------------------------

Summary for variables: re74
Group variable: treat 

   treat |         N      Mean
---------+--------------------
       0 | 15992.000 14016.800
       1 |   185.000  2095.574
---------+--------------------
   Total | 16177.000 13880.469
------------------------------

Summary for variables: re75
Group variable: treat 

   treat |         N      Mean
---------+--------------------
       0 | 15992.000 13650.804
       1 |   185.000  1532.055
---------+--------------------
   Total | 16177.000 13512.214
------------------------------

. 
. di _n as txt "{hline 78}"

------------------------------------------------------------------------------

. di as txt "논문 Table 1 값 (RE74 subset 185명 / CPS-1 15,992명):"
논문 Table 1 값 (RE74 subset 185명 / CPS-1 15,992명):

. di as txt "  age        NSW 25.81   CPS 33.22"
  age        NSW 25.81   CPS 33.22

. di as txt "  education  NSW 10.35   CPS 12.02"
  education  NSW 10.35   CPS 12.02

. di as txt "  black      NSW  0.84   CPS  0.07"
  black      NSW  0.84   CPS  0.07

. di as txt "  hispanic   NSW  0.059  CPS  0.07"
  hispanic   NSW  0.059  CPS  0.07

. di as txt "  nodegree   NSW  0.71   CPS  0.29"
  nodegree   NSW  0.71   CPS  0.29

. di as txt "  married    NSW  0.19   CPS  0.71"
  married    NSW  0.19   CPS  0.71

. di as txt "  re74       NSW  2,096  CPS 14,016"
  re74       NSW  2,096  CPS 14,016

. di as txt "  re75       NSW  1,532  CPS 13,650"
  re75       NSW  1,532  CPS 13,650

. di as txt "{hline 78}"
------------------------------------------------------------------------------

. * -> 위에서 계산된 우리 tabstat 결과와 이 published 값들을 나란히 놓고
. *    비교한다. 여기서 어긋나는 게 있으면 Step 3(표본 구성) 단계를
. *    다시 봐야 하고, 다 맞으면 이후 propensity score 단계의 차이는
. *    데이터 문제가 아니라는 뜻이 된다.
. 
. 
. * ==========================================================
. * STEP 4. Propensity score 추정
. *   [과제 PDF Reproduce 항목 2의 핵심 — Table 3 전체(4/5/6/7/8열)가
. *    전부 이 하나의 propensity score 위에서 계산됨]
. * ==========================================================
. 
. global X "age age2 education educ2 married nodegree black hispanic re74 re75 u74 u75 educ_re74 age3"

. * DW의 Table 3 각주 (g) CPS-1, CPS-2, CPS-3 propensity score specification과
. * 정확히 일치하는 버전:
. *   age, age^2, education, education^2, married, no degree, black,
. *   Hispanic, RE74, RE75, u74, u75, education*RE74, age^3
. * (참고: u74*black은 PSID-1 전용 항(각주 e)이라 여기엔 포함되지 않는다.)
. 
. logit treat $X

Iteration 0:  Log likelihood = -1011.0713  
Iteration 1:  Log likelihood = -612.55814  
Iteration 2:  Log likelihood = -429.05652  
Iteration 3:  Log likelihood = -406.25926  
Iteration 4:  Log likelihood = -404.18813  
Iteration 5:  Log likelihood = -404.15991  
Iteration 6:  Log likelihood = -404.15991  

Logistic regression                                    Number of obs =  16,177
                                                       LR chi2(14)   = 1213.82
                                                       Prob > chi2   =  0.0000
Log likelihood = -404.15991                            Pseudo R2     =  0.6003

------------------------------------------------------------------------------
       treat | Coefficient  Std. err.      z    P>|z|     [95% conf. interval]
-------------+----------------------------------------------------------------
         age |   2.425229   .3500651     6.93   0.000     1.739114    3.111344
        age2 |  -.0672395   .0111308    -6.04   0.000    -.0890555   -.0454234
   education |   .9247847   .2500694     3.70   0.000     .4346576    1.414912
       educ2 |  -.0572021   .0136202    -4.20   0.000    -.0838972    -.030507
     married |  -1.556471   .2517687    -6.18   0.000    -2.049929   -1.063013
    nodegree |   .9270591   .3254621     2.85   0.004     .2891651    1.564953
       black |   3.850668   .2662868    14.46   0.000     3.328755     4.37258
    hispanic |   1.673885   .4099129     4.08   0.000     .8704704      2.4773
        re74 |  -.0002203   .0001086    -2.03   0.043    -.0004332   -7.40e-06
        re75 |  -.0001969   .0000378    -5.21   0.000     -.000271   -.0001228
         u74 |   1.749522   .2897311     6.04   0.000      1.18166    2.317385
         u75 |     .00944    .257531     0.04   0.971    -.4953114    .5141915
   educ_re74 |   .0000222   9.08e-06     2.45   0.014     4.43e-06      .00004
        age3 |   .0005685   .0001113     5.11   0.000     .0003505    .0007866
       _cons |  -35.22098   3.797922    -9.27   0.000    -42.66477   -27.77719
------------------------------------------------------------------------------
Note: 3 failures and 0 successes completely determined.

. predict double ps, pr

. label var ps "e-hat = Pr(treat=1 | X)"

. 
. di _n as txt "{hline 70}"

----------------------------------------------------------------------

. di as txt "Distribution of the estimated score"
Distribution of the estimated score

. di as txt "{hline 70}"
----------------------------------------------------------------------

. tabstat ps, by(treat) stat(n mean p10 p50 p90 min max) format(%9.5f)

Summary for variables: ps
Group variable: treat 

   treat |         N      Mean       p10       p50       p90       Min       Max
---------+----------------------------------------------------------------------
       0 |  1.60e+04   0.00665   0.00000   0.00012   0.00663   0.00000   0.92398
       1 | 185.00000   0.42536   0.02601   0.40020   0.88660   0.00106   0.93846
---------+----------------------------------------------------------------------
   Total |  1.62e+04   0.01144   0.00000   0.00012   0.00739   0.00000   0.93846
--------------------------------------------------------------------------------

. 
. save "merged.dta", replace
file merged.dta saved

. 
. 
. * ==========================================================
. * STEP 4b. Table 3, CPS-1 행의 column (1)(2) 재현
. *   [과제 PDF Reproduce 항목 2 — Table 3 전체를 재현하려면 score 기반
. *    컬럼(4~8)뿐 아니라 이 두 컬럼도 필요하다]
. *   column (1): Unadjusted  — 공변량 없이 re78을 treat에 회귀 (raw diff-in-means)
. *   column (2): Adjusted    — 논문 각주 (a)의 스펙으로 최소제곱
. *     (a) RE78 on a constant, treat, age, age^2, education, no degree,
. *         black, Hispanic, RE74, RE75.
. *     주의: 이 스펙은 propensity score용 $X와 다르다 — married, educ2,
. *     u74/u75, 상호작용항이 빠지고 "순수 통제변수만" 들어간다.
. * ==========================================================
. 
. use "merged.dta", clear

. 
. * --- Column (1): Unadjusted ---
. regress re78 treat

      Source |       SS           df       MS      Number of obs   =    16,177
-------------+----------------------------------   F(1, 16175)     =    142.43
       Model |  1.3206e+10         1  1.3206e+10   Prob > F        =    0.0000
    Residual |  1.4997e+12    16,175    92717516   R-squared       =    0.0087
-------------+----------------------------------   Adj R-squared   =    0.0087
       Total |  1.5129e+12    16,176  93528158.7   Root MSE        =      9629

------------------------------------------------------------------------------
        re78 | Coefficient  Std. err.      t    P>|t|     [95% conf. interval]
-------------+----------------------------------------------------------------
       treat |  -8497.516   712.0207   -11.93   0.000    -9893.156   -7101.877
       _cons |   14846.66   76.14292   194.98   0.000     14697.41    14995.91
------------------------------------------------------------------------------

. di as txt "Column (1) Unadjusted (raw diff-in-means) = " as res %10.4f _b[treat]
Column (1) Unadjusted (raw diff-in-means) = -8497.5161

. * -> 논문 값 -8,498과 비교. CPS control이 훨씬 부유한 집단이라 부호가
. *    음수로 나오는 게 정상 — 이게 바로 selection bias의 크기를 보여준다.
. 
. * --- Column (2): Adjusted ---
. regress re78 treat age age2 education nodegree black hispanic re74 re75

      Source |       SS           df       MS      Number of obs   =    16,177
-------------+----------------------------------   F(9, 16167)     =   1632.39
       Model |  7.2029e+11         9  8.0032e+10   Prob > F        =    0.0000
    Residual |  7.9262e+11    16,167  49027334.9   R-squared       =    0.4761
-------------+----------------------------------   Adj R-squared   =    0.4758
       Total |  1.5129e+12    16,176  93528158.7   Root MSE        =      7002

------------------------------------------------------------------------------
        re78 | Coefficient  Std. err.      t    P>|t|     [95% conf. interval]
-------------+----------------------------------------------------------------
       treat |   738.8341   547.0534     1.35   0.177    -333.4511    1811.119
         age |  -211.9556   38.53979    -5.50   0.000    -287.4979   -136.4134
        age2 |   1.552437    .533017     2.91   0.004     .5076644    2.597209
   education |     164.84   28.62948     5.76   0.000     108.7231    220.9569
    nodegree |   308.4386   178.5098     1.73   0.084    -41.46032    658.3375
       black |  -806.0294   213.0043    -3.78   0.000    -1223.541   -388.5173
    hispanic |   -172.806   218.9894    -0.79   0.430    -602.0495    256.4375
        re74 |   .2962002   .0122034    24.27   0.000     .2722802    .3201201
        re75 |   .4718286   .0121353    38.88   0.000      .448042    .4956152
       _cons |   7391.035   718.5365    10.29   0.000     5982.624    8799.446
------------------------------------------------------------------------------

. di as txt "Column (2) Adjusted (footnote a 스펙) = " as res %10.4f _b[treat]
Column (2) Adjusted (footnote a 스펙) =   738.8341

. * -> 논문 값 972와 비교. 공변량을 몇 개 통제하는 것만으로 -8,498에서
. *    거의 부호가 바뀔 정도로 크게 개선된다 — 그래도 아직 벤치마크 1,794와는
. *    거리가 있다는 게 논문이 propensity score 방법을 쓰는 이유다.
. 
. 
. * ==========================================================
. * STEP 5. Table 3, CPS-1 행의 column (4)(5)(6) 재현 — Stratification
. *   [과제 PDF Reproduce 항목 2: "set against the matching estimates
. *    in their results table"]
. *   column (4): Stratifying on the score, Unadjusted
. *   column (5): Stratifying on the score, Adjusted
. *   column (6): Observations
. *
. *   이전에는 xtile로 인원수 기준 5등분(quintile)을 했는데, treated가
. *   185명뿐이고 propensity score 상단에 몰려있다 보니 일부 구간에 treated가
. *   너무 적게 남아서 추정치가 불안정했다 (Column 4가 -37로 나오는 등
. *   논문 값 1,713과 부호까지 달랐던 문제).
. *
. *   그래서 Becker & Ichino (2002)의 pscore / atts 패키지로 바꾼다.
. *   이 패키지는 DW가 설명한 절차 — "구간을 나누고, 안에서 covariate가
. *   balance되는지 확인하고, 안 되면 구간을 다시 쪼개는" 반복적 알고리즘을
. *   자동으로 수행해준다.
. * ==========================================================
. 
. cap net install st0026_2, from(http://www.stata-journal.com/software/sj5-3) replace

. * pscore는 SSC가 아니라 Stata Journal 소프트웨어 아카이브에 있다
. * (Becker & Ichino, SJ 5(3), 최신 버그수정판인 st0026_2).
. * 이 한 줄로 pscore, attnd, attk, attr, atts, attnw 명령어가 모두 설치된다.
. * cap(capture)를 붙이면 이미 설치돼 있어도 에러 없이 넘어간다.
. * 설치가 안 되면 (help pscore로 확인) 아래를 cap 없이 직접 실행해서
. * 에러 메시지를 확인할 것:
. *   net install st0026_2, from(http://www.stata-journal.com/software/sj5-3) replace
. 
. use "merged.dta", clear

. 
. pscore treat $X, pscore(ps2) blockid(pblock) comsup logit detail



**************************************************** 
Algorithm to estimate the propensity score 
**************************************************** 


The treatment is treat

      treat |      Freq.     Percent        Cum.
------------+-----------------------------------
          0 |     15,992       98.86       98.86
          1 |        185        1.14      100.00
------------+-----------------------------------
      Total |     16,177      100.00



Estimation of the propensity score 

Iteration 0:  Log likelihood = -1011.0713
Iteration 1:  Log likelihood = -612.55814
Iteration 2:  Log likelihood = -481.71035
Iteration 3:  Log likelihood =  -428.3351
Iteration 4:  Log likelihood = -409.00437
Iteration 5:  Log likelihood = -404.57736
Iteration 6:  Log likelihood = -404.16676
Iteration 7:  Log likelihood = -404.15991
Iteration 8:  Log likelihood = -404.15991

Logistic regression                               Number of obs   =      16177
                                                  LR chi2(14)     =    1213.82
                                                  Prob > chi2     =     0.0000
Log likelihood = -404.15991                       Pseudo R2       =     0.6003

------------------------------------------------------------------------------
       treat | Coefficient  Std. err.      z    P>|z|     [95% conf. interval]
-------------+----------------------------------------------------------------
         age |   2.425229   .3500652     6.93   0.000     1.739114    3.111344
        age2 |  -.0672395   .0111308    -6.04   0.000    -.0890555   -.0454234
   education |   .9247848   .2500694     3.70   0.000     .4346577    1.414912
       educ2 |  -.0572021   .0136202    -4.20   0.000    -.0838972   -.0305071
     married |  -1.556471   .2517687    -6.18   0.000    -2.049929   -1.063014
    nodegree |   .9270591   .3254621     2.85   0.004     .2891651    1.564953
       black |   3.850668   .2662868    14.46   0.000     3.328755     4.37258
    hispanic |   1.673885    .409913     4.08   0.000     .8704705      2.4773
        re74 |  -.0002203   .0001086    -2.03   0.043    -.0004332   -7.40e-06
        re75 |  -.0001969   .0000378    -5.21   0.000     -.000271   -.0001228
         u74 |   1.749522   .2897311     6.04   0.000      1.18166    2.317385
         u75 |     .00944    .257531     0.04   0.971    -.4953115    .5141915
   educ_re74 |   .0000222   9.08e-06     2.45   0.014     4.43e-06      .00004
        age3 |   .0005685   .0001113     5.11   0.000     .0003505    .0007866
       _cons |  -35.22098   3.797922    -9.27   0.000    -42.66477   -27.77719
------------------------------------------------------------------------------
Note: 3 failures and 0 successes completely determined.



Note: the common support option has been selected
The region of common support is [.00106139, .93845543]



Description of the estimated propensity score 
in region of common support 

                 Estimated propensity score
-------------------------------------------------------------
      Percentiles      Smallest
 1%     .0010892       .0010614
 5%      .001221       .0010615
10%     .0013925       .0010625       Obs               4,041
25%     .0021398       .0010632       Sum of wgt.       4,041

50%     .0053823                      Mean           .0452964
                        Largest       Std. dev.      .1326324
75%     .0156111       .9356451
90%     .0856723         .93718       Variance       .0175914
95%      .282253       .9374608       Skewness       4.475994
99%      .822637       .9384554       Kurtosis       24.36564



****************************************************** 
Step 1: Identification of the optimal number of blocks 
Use option detail if you want more detailed output 
****************************************************** 



Distribution of treated and controls across blocks

 Blocks of |
the pscore |
       for |
 treatment |         treat
    treat  |         0          1 |     Total
-----------+----------------------+----------
         1 |     3,722         59 |     3,781 
         2 |        86         32 |       118 
         3 |        31         38 |        69 
         4 |         9         20 |        29 
         5 |         8         36 |        44 
-----------+----------------------+----------
     Total |     3,856        185 |     4,041 



Test that the mean propensity score is not different for treated and controls



Test in block 1

Observations in block 1
 obs: 3781,  control: 3722,  treated: 59


Test for block 1

Two-sample t test with equal variances
------------------------------------------------------------------------------
   Group |     Obs        Mean    Std. err.   Std. dev.   [95% conf. interval]
---------+--------------------------------------------------------------------
       0 |   3,722     .013884    .0004323     .026373    .0130364    .0147315
       1 |      59    .0720126    .0077116     .059234    .0565761     .087449
---------+--------------------------------------------------------------------
Combined |   3,781     .014791    .0004572    .0281146    .0138946    .0156874
---------+--------------------------------------------------------------------
    diff |           -.0581286    .0035664               -.0651208   -.0511364
------------------------------------------------------------------------------
    diff = mean(0) - mean(1)                                      t = -16.2991
H0: diff = 0                                     Degrees of freedom =     3779

    Ha: diff < 0                 Ha: diff != 0                 Ha: diff > 0
 Pr(T < t) = 0.0000         Pr(|T| > |t|) = 0.0000          Pr(T > t) = 1.0000



The mean propensity score is different for
treated and controls in block 1
Split the block 1 and retest


Check that blocks have shifted 

 Blocks of |
the pscore |
       for |
 treatment |         treat
    treat  |         0          1 |     Total
-----------+----------------------+----------
         1 |     3,722         59 |     3,781 
         3 |        86         32 |       118 
         4 |        31         38 |        69 
         5 |         9         20 |        29 
         6 |         8         36 |        44 
-----------+----------------------+----------
     Total |     3,856        185 |     4,041 



Test in block 1

Observations in block 1
 obs: 3666,  control: 3626,  treated: 40


Test for block 1

Two-sample t test with equal variances
------------------------------------------------------------------------------
   Group |     Obs        Mean    Std. err.   Std. dev.   [95% conf. interval]
---------+--------------------------------------------------------------------
       0 |   3,626     .010549     .000269    .0161984    .0100216    .0110765
       1 |      40    .0371189    .0050561    .0319776    .0268919    .0473458
---------+--------------------------------------------------------------------
Combined |   3,666    .0108389    .0002754    .0166741     .010299    .0113789
---------+--------------------------------------------------------------------
    diff |           -.0265698    .0026147               -.0316962   -.0214434
------------------------------------------------------------------------------
    diff = mean(0) - mean(1)                                      t = -10.1618
H0: diff = 0                                     Degrees of freedom =     3664

    Ha: diff < 0                 Ha: diff != 0                 Ha: diff > 0
 Pr(T < t) = 0.0000         Pr(|T| > |t|) = 0.0000          Pr(T > t) = 1.0000



The mean propensity score is different for
treated and controls in block 1
Split the block 1 and retest


Check that blocks have shifted 

 Blocks of |
the pscore |
       for |
 treatment |         treat
    treat  |         0          1 |     Total
-----------+----------------------+----------
         1 |     3,626         40 |     3,666 
         3 |        96         19 |       115 
         4 |        86         32 |       118 
         5 |        31         38 |        69 
         6 |         9         20 |        29 
         7 |         8         36 |        44 
-----------+----------------------+----------
     Total |     3,856        185 |     4,041 



Test in block 1

Observations in block 1
 obs: 3480,  control: 3454,  treated: 26


Test for block 1

Two-sample t test with equal variances
------------------------------------------------------------------------------
   Group |     Obs        Mean    Std. err.   Std. dev.   [95% conf. interval]
---------+--------------------------------------------------------------------
       0 |   3,454    .0076379    .0001592    .0093592    .0073257    .0079502
       1 |      26    .0159125    .0026689    .0136088    .0104158    .0214092
---------+--------------------------------------------------------------------
Combined |   3,480    .0076998    .0001597    .0094222    .0073866    .0080129
---------+--------------------------------------------------------------------
    diff |           -.0082746    .0018497               -.0119013   -.0046479
------------------------------------------------------------------------------
    diff = mean(0) - mean(1)                                      t =  -4.4734
H0: diff = 0                                     Degrees of freedom =     3478

    Ha: diff < 0                 Ha: diff != 0                 Ha: diff > 0
 Pr(T < t) = 0.0000         Pr(|T| > |t|) = 0.0000          Pr(T > t) = 1.0000



The mean propensity score is different for
treated and controls in block 1
Split the block 1 and retest


Check that blocks have shifted 

 Blocks of |
the pscore |
       for |
 treatment |         treat
    treat  |         0          1 |     Total
-----------+----------------------+----------
         1 |     3,454         26 |     3,480 
         3 |       172         14 |       186 
         4 |        96         19 |       115 
         5 |        86         32 |       118 
         6 |        31         38 |        69 
         7 |         9         20 |        29 
         8 |         8         36 |        44 
-----------+----------------------+----------
     Total |     3,856        185 |     4,041 



Test in block 1

Observations in block 1
 obs: 3232,  control: 3214,  treated: 18


Test for block 1

Two-sample t test with equal variances
------------------------------------------------------------------------------
   Group |     Obs        Mean    Std. err.   Std. dev.   [95% conf. interval]
---------+--------------------------------------------------------------------
       0 |   3,214    .0054972    .0000874    .0049522     .005326    .0056685
       1 |      18    .0080044    .0014912    .0063265    .0048583    .0111505
---------+--------------------------------------------------------------------
Combined |   3,232    .0055112    .0000873    .0049632      .00534    .0056824
---------+--------------------------------------------------------------------
    diff |           -.0025072    .0011725                -.004806   -.0002083
------------------------------------------------------------------------------
    diff = mean(0) - mean(1)                                      t =  -2.1384
H0: diff = 0                                     Degrees of freedom =     3230

    Ha: diff < 0                 Ha: diff != 0                 Ha: diff > 0
 Pr(T < t) = 0.0163         Pr(|T| > |t|) = 0.0326          Pr(T > t) = 0.9837


The mean propensity score is not different for
treated and controls in block 1



Test in block 2

Observations in block 2
 obs: 248,  control: 240,  treated: 8


Test for block 2

Two-sample t test with equal variances
------------------------------------------------------------------------------
   Group |     Obs        Mean    Std. err.   Std. dev.   [95% conf. interval]
---------+--------------------------------------------------------------------
       0 |     240    .0363058    .0004515    .0069945    .0354164    .0371952
       1 |       8    .0337059    .0022797    .0064481    .0283151    .0390966
---------+--------------------------------------------------------------------
Combined |     248    .0362219    .0004433    .0069806    .0353488     .037095
---------+--------------------------------------------------------------------
    diff |            .0025999    .0025084               -.0023408    .0075406
------------------------------------------------------------------------------
    diff = mean(0) - mean(1)                                      t =   1.0365
H0: diff = 0                                     Degrees of freedom =      246

    Ha: diff < 0                 Ha: diff != 0                 Ha: diff > 0
 Pr(T < t) = 0.8495         Pr(|T| > |t|) = 0.3010          Pr(T > t) = 0.1505


The mean propensity score is not different for
treated and controls in block 2



Test in block 3

Observations in block 3
 obs: 186,  control: 172,  treated: 14


Test for block 3

Two-sample t test with equal variances
------------------------------------------------------------------------------
   Group |     Obs        Mean    Std. err.   Std. dev.   [95% conf. interval]
---------+--------------------------------------------------------------------
       0 |     172    .0690079    .0010369    .0135985    .0669611    .0710546
       1 |      14     .076502    .0031824    .0119074    .0696269    .0833771
---------+--------------------------------------------------------------------
Combined |     186    .0695719    .0009968    .0135948    .0676053    .0715385
---------+--------------------------------------------------------------------
    diff |           -.0074942    .0037481               -.0148889   -.0000994
------------------------------------------------------------------------------
    diff = mean(0) - mean(1)                                      t =  -1.9995
H0: diff = 0                                     Degrees of freedom =      184

    Ha: diff < 0                 Ha: diff != 0                 Ha: diff > 0
 Pr(T < t) = 0.0235         Pr(|T| > |t|) = 0.0470          Pr(T > t) = 0.9765


The mean propensity score is not different for
treated and controls in block 3



Test in block 4

Observations in block 4
 obs: 115,  control: 96,  treated: 19


Test for block 4

Two-sample t test with equal variances
------------------------------------------------------------------------------
   Group |     Obs        Mean    Std. err.   Std. dev.   [95% conf. interval]
---------+--------------------------------------------------------------------
       0 |      96    .1398466    .0028372    .0277984    .1342141    .1454791
       1 |      19    .1454731    .0060183     .026233    .1328292     .158117
---------+--------------------------------------------------------------------
Combined |     115    .1407762    .0025657    .0275141    .1356935    .1458588
---------+--------------------------------------------------------------------
    diff |           -.0056265    .0069189               -.0193341    .0080811
------------------------------------------------------------------------------
    diff = mean(0) - mean(1)                                      t =  -0.8132
H0: diff = 0                                     Degrees of freedom =      113

    Ha: diff < 0                 Ha: diff != 0                 Ha: diff > 0
 Pr(T < t) = 0.2089         Pr(|T| > |t|) = 0.4178          Pr(T > t) = 0.7911


The mean propensity score is not different for
treated and controls in block 4



Test in block 5

Observations in block 5
 obs: 118,  control: 86,  treated: 32


Test for block 5

Two-sample t test with equal variances
------------------------------------------------------------------------------
   Group |     Obs        Mean    Std. err.   Std. dev.   [95% conf. interval]
---------+--------------------------------------------------------------------
       0 |      86    .2807938     .006649    .0616599    .2675739    .2940138
       1 |      32    .3074732    .0104986    .0593893    .2860611    .3288853
---------+--------------------------------------------------------------------
Combined |     118    .2880289    .0057035    .0619557    .2767335    .2993244
---------+--------------------------------------------------------------------
    diff |           -.0266793     .012644               -.0517223   -.0016364
------------------------------------------------------------------------------
    diff = mean(0) - mean(1)                                      t =  -2.1100
H0: diff = 0                                     Degrees of freedom =      116

    Ha: diff < 0                 Ha: diff != 0                 Ha: diff > 0
 Pr(T < t) = 0.0185         Pr(|T| > |t|) = 0.0370          Pr(T > t) = 0.9815


The mean propensity score is not different for
treated and controls in block 5



Test in block 6

Observations in block 6
 obs: 69,  control: 31,  treated: 38


Test for block 6

Two-sample t test with equal variances
------------------------------------------------------------------------------
   Group |     Obs        Mean    Std. err.   Std. dev.   [95% conf. interval]
---------+--------------------------------------------------------------------
       0 |      31    .5006022    .0119013    .0662635    .4762966    .5249079
       1 |      38    .5115079    .0111309    .0686155    .4889545    .5340612
---------+--------------------------------------------------------------------
Combined |      69    .5066082    .0081015     .067296     .490442    .5227745
---------+--------------------------------------------------------------------
    diff |           -.0109057    .0163539               -.0435482    .0217369
------------------------------------------------------------------------------
    diff = mean(0) - mean(1)                                      t =  -0.6669
H0: diff = 0                                     Degrees of freedom =       67

    Ha: diff < 0                 Ha: diff != 0                 Ha: diff > 0
 Pr(T < t) = 0.2536         Pr(|T| > |t|) = 0.5072          Pr(T > t) = 0.7464


The mean propensity score is not different for
treated and controls in block 6



Test in block 7

Observations in block 7
 obs: 29,  control: 9,  treated: 20


Test for block 7

Two-sample t test with equal variances
------------------------------------------------------------------------------
   Group |     Obs        Mean    Std. err.   Std. dev.   [95% conf. interval]
---------+--------------------------------------------------------------------
       0 |       9    .6729042    .0204877    .0614631    .6256594    .7201489
       1 |      20    .6629639    .0074064    .0331222    .6474623    .6784656
---------+--------------------------------------------------------------------
Combined |      29    .6660488    .0079778    .0429616    .6497071    .6823906
---------+--------------------------------------------------------------------
    diff |            .0099402    .0174561               -.0258768    .0457573
------------------------------------------------------------------------------
    diff = mean(0) - mean(1)                                      t =   0.5694
H0: diff = 0                                     Degrees of freedom =       27

    Ha: diff < 0                 Ha: diff != 0                 Ha: diff > 0
 Pr(T < t) = 0.7131         Pr(|T| > |t|) = 0.5738          Pr(T > t) = 0.2869


The mean propensity score is not different for
treated and controls in block 7



Test in block 8

Observations in block 8
 obs: 44,  control: 8,  treated: 36


Test for block 8

Two-sample t test with equal variances
------------------------------------------------------------------------------
   Group |     Obs        Mean    Std. err.   Std. dev.   [95% conf. interval]
---------+--------------------------------------------------------------------
       0 |       8    .8690628    .0141369    .0399851    .8356345    .9024912
       1 |      36    .8862923    .0057251    .0343507    .8746697    .8979149
---------+--------------------------------------------------------------------
Combined |      44    .8831597    .0053638    .0355795    .8723425    .8939768
---------+--------------------------------------------------------------------
    diff |           -.0172295     .013818               -.0451154    .0106564
------------------------------------------------------------------------------
    diff = mean(0) - mean(1)                                      t =  -1.2469
H0: diff = 0                                     Degrees of freedom =       42

    Ha: diff < 0                 Ha: diff != 0                 Ha: diff > 0
 Pr(T < t) = 0.1097         Pr(|T| > |t|) = 0.2193          Pr(T > t) = 0.8903


The mean propensity score is not different for
treated and controls in block 8


The final number of blocks is 8

This number of blocks ensures that the mean propensity score
is not different for treated and controls in each blocks



********************************************************** 
Step 2: Test of balancing property of the propensity score 
Use option detail if you want more detailed output 
********************************************************** 



**************************************************** 
Testing the balancing property in block 1
**************************************************** 
 obs: 3232,  control: 3214,  treated: 18



Testing the balancing property for variable age in block 1

Two-sample t test with equal variances
------------------------------------------------------------------------------
   Group |     Obs        Mean    Std. err.   Std. dev.   [95% conf. interval]
---------+--------------------------------------------------------------------
       0 |   3,214    26.38986    .1617481    9.169845    26.07272      26.707
       1 |      18    27.55556    2.023105     8.58331    23.28718    31.82393
---------+--------------------------------------------------------------------
Combined |   3,232    26.39635    .1612267    9.165848    26.08023    26.71247
---------+--------------------------------------------------------------------
    diff |           -1.165699    2.166691               -5.413926    3.082529
------------------------------------------------------------------------------
    diff = mean(0) - mean(1)                                      t =  -0.5380
H0: diff = 0                                     Degrees of freedom =     3230

    Ha: diff < 0                 Ha: diff != 0                 Ha: diff > 0
 Pr(T < t) = 0.2953         Pr(|T| > |t|) = 0.5906          Pr(T > t) = 0.7047

Variable age is  balanced  in block 1



Testing the balancing property for variable age2 in block 1

Two-sample t test with equal variances
------------------------------------------------------------------------------
   Group |     Obs        Mean    Std. err.   Std. dev.   [95% conf. interval]
---------+--------------------------------------------------------------------
       0 |   3,214    780.4844    10.36935    587.8609    760.1532    800.8157
       1 |      18    828.8889     117.332    497.7974    581.3401    1076.438
---------+--------------------------------------------------------------------
Combined |   3,232     780.754    10.33133    587.3432    760.4974    801.0106
---------+--------------------------------------------------------------------
    diff |           -48.40445    138.8441               -320.6359     223.827
------------------------------------------------------------------------------
    diff = mean(0) - mean(1)                                      t =  -0.3486
H0: diff = 0                                     Degrees of freedom =     3230

    Ha: diff < 0                 Ha: diff != 0                 Ha: diff > 0
 Pr(T < t) = 0.3637         Pr(|T| > |t|) = 0.7274          Pr(T > t) = 0.6363

Variable age2 is  balanced  in block 1



Testing the balancing property for variable education in block 1

Two-sample t test with equal variances
------------------------------------------------------------------------------
   Group |     Obs        Mean    Std. err.   Std. dev.   [95% conf. interval]
---------+--------------------------------------------------------------------
       0 |   3,214    11.08619    .0395993    2.244967    11.00854    11.16383
       1 |      18    11.27778     .402651    1.708303    10.42826     12.1273
---------+--------------------------------------------------------------------
Combined |   3,232    11.08725    .0394398    2.242177    11.00992    11.16458
---------+--------------------------------------------------------------------
    diff |           -.1915923    .5300354               -1.230832    .8476473
------------------------------------------------------------------------------
    diff = mean(0) - mean(1)                                      t =  -0.3615
H0: diff = 0                                     Degrees of freedom =     3230

    Ha: diff < 0                 Ha: diff != 0                 Ha: diff > 0
 Pr(T < t) = 0.3589         Pr(|T| > |t|) = 0.7178          Pr(T > t) = 0.6411

Variable education is  balanced  in block 1



Testing the balancing property for variable educ2 in block 1

Two-sample t test with equal variances
------------------------------------------------------------------------------
   Group |     Obs        Mean    Std. err.   Std. dev.   [95% conf. interval]
---------+--------------------------------------------------------------------
       0 |   3,214    127.9418     .843014    47.79227    126.2889    129.5947
       1 |      18    129.9444    8.912601    37.81296    111.1405    148.7484
---------+--------------------------------------------------------------------
Combined |   3,232     127.953    .8397095    47.73806    126.3066    129.5994
---------+--------------------------------------------------------------------
    diff |           -2.002627    11.28512               -24.12935     20.1241
------------------------------------------------------------------------------
    diff = mean(0) - mean(1)                                      t =  -0.1775
H0: diff = 0                                     Degrees of freedom =     3230

    Ha: diff < 0                 Ha: diff != 0                 Ha: diff > 0
 Pr(T < t) = 0.4296         Pr(|T| > |t|) = 0.8592          Pr(T > t) = 0.5704

Variable educ2 is  balanced  in block 1



Testing the balancing property for variable married in block 1

Two-sample t test with equal variances
------------------------------------------------------------------------------
   Group |     Obs        Mean    Std. err.   Std. dev.   [95% conf. interval]
---------+--------------------------------------------------------------------
       0 |   3,214     .425949    .0087237     .494563    .4088445    .4430535
       1 |      18          .5    .1212678    .5144958    .2441473    .7558527
---------+--------------------------------------------------------------------
Combined |   3,232    .4263614    .0087004    .4946242    .4093025    .4434203
---------+--------------------------------------------------------------------
    diff |            -.074051    .1169209               -.3032976    .1551956
------------------------------------------------------------------------------
    diff = mean(0) - mean(1)                                      t =  -0.6333
H0: diff = 0                                     Degrees of freedom =     3230

    Ha: diff < 0                 Ha: diff != 0                 Ha: diff > 0
 Pr(T < t) = 0.2633         Pr(|T| > |t|) = 0.5266          Pr(T > t) = 0.7367

Variable married is  balanced  in block 1



Testing the balancing property for variable nodegree in block 1

Two-sample t test with equal variances
------------------------------------------------------------------------------
   Group |     Obs        Mean    Std. err.   Std. dev.   [95% conf. interval]
---------+--------------------------------------------------------------------
       0 |   3,214    .4869322    .0088179     .499907    .4696428    .5042215
       1 |      18    .4444444    .1205169      .51131     .190176    .6987129
---------+--------------------------------------------------------------------
Combined |   3,232    .4866955    .0087932    .4999003    .4694547    .5039364
---------+--------------------------------------------------------------------
    diff |            .0424877     .118173                -.189214    .2741895
------------------------------------------------------------------------------
    diff = mean(0) - mean(1)                                      t =   0.3595
H0: diff = 0                                     Degrees of freedom =     3230

    Ha: diff < 0                 Ha: diff != 0                 Ha: diff > 0
 Pr(T < t) = 0.6404         Pr(|T| > |t|) = 0.7192          Pr(T > t) = 0.3596

Variable nodegree is  balanced  in block 1



Testing the balancing property for variable black in block 1

Two-sample t test with equal variances
------------------------------------------------------------------------------
   Group |     Obs        Mean    Std. err.   Std. dev.   [95% conf. interval]
---------+--------------------------------------------------------------------
       0 |   3,214    .1561917    .0064047    .3630934     .143634    .1687493
       1 |      18    .2777778    .1086325    .4608886    .0485833    .5069723
---------+--------------------------------------------------------------------
Combined |   3,232    .1568688     .006398    .3637333    .1443242    .1694135
---------+--------------------------------------------------------------------
    diff |           -.1215861    .0859592               -.2901262     .046954
------------------------------------------------------------------------------
    diff = mean(0) - mean(1)                                      t =  -1.4145
H0: diff = 0                                     Degrees of freedom =     3230

    Ha: diff < 0                 Ha: diff != 0                 Ha: diff > 0
 Pr(T < t) = 0.0787         Pr(|T| > |t|) = 0.1573          Pr(T > t) = 0.9213

Variable black is  balanced  in block 1



Testing the balancing property for variable hispanic in block 1

Two-sample t test with equal variances
------------------------------------------------------------------------------
   Group |     Obs        Mean    Std. err.   Std. dev.   [95% conf. interval]
---------+--------------------------------------------------------------------
       0 |   3,214    .1172993    .0056767    .3218267    .1061689    .1284297
       1 |      18    .2222222    .1008317    .4277926     .009486    .4349585
---------+--------------------------------------------------------------------
Combined |   3,232    .1178837    .0056731    .3225202    .1067604    .1290069
---------+--------------------------------------------------------------------
    diff |           -.1049229    .0762208               -.2543689     .044523
------------------------------------------------------------------------------
    diff = mean(0) - mean(1)                                      t =  -1.3766
H0: diff = 0                                     Degrees of freedom =     3230

    Ha: diff < 0                 Ha: diff != 0                 Ha: diff > 0
 Pr(T < t) = 0.0844         Pr(|T| > |t|) = 0.1687          Pr(T > t) = 0.9156

Variable hispanic is  balanced  in block 1



Testing the balancing property for variable re74 in block 1

Two-sample t test with equal variances
------------------------------------------------------------------------------
   Group |     Obs        Mean    Std. err.   Std. dev.   [95% conf. interval]
---------+--------------------------------------------------------------------
       0 |   3,214    5993.079    129.1153    7319.824    5739.922    6246.236
       1 |      18     5799.36    1550.174    6576.833    2528.779    9069.942
---------+--------------------------------------------------------------------
Combined |   3,232        5992    128.6703    7314.993    5739.716    6244.284
---------+--------------------------------------------------------------------
    diff |            193.7184    1729.246               -3196.812    3584.249
------------------------------------------------------------------------------
    diff = mean(0) - mean(1)                                      t =   0.1120
H0: diff = 0                                     Degrees of freedom =     3230

    Ha: diff < 0                 Ha: diff != 0                 Ha: diff > 0
 Pr(T < t) = 0.5446         Pr(|T| > |t|) = 0.9108          Pr(T > t) = 0.4554

Variable re74 is  balanced  in block 1



Testing the balancing property for variable re75 in block 1

Two-sample t test with equal variances
------------------------------------------------------------------------------
   Group |     Obs        Mean    Std. err.   Std. dev.   [95% conf. interval]
---------+--------------------------------------------------------------------
       0 |   3,214    4640.986    105.2306    5965.752     4434.66    4847.312
       1 |      18    5680.346    1716.096    7280.779    2059.699    9300.992
---------+--------------------------------------------------------------------
Combined |   3,232    4646.774    105.0648    5973.007    4440.774    4852.775
---------+--------------------------------------------------------------------
    diff |            -1039.36    1411.888               -3807.647    1728.928
------------------------------------------------------------------------------
    diff = mean(0) - mean(1)                                      t =  -0.7361
H0: diff = 0                                     Degrees of freedom =     3230

    Ha: diff < 0                 Ha: diff != 0                 Ha: diff > 0
 Pr(T < t) = 0.2308         Pr(|T| > |t|) = 0.4617          Pr(T > t) = 0.7692

Variable re75 is  balanced  in block 1



Testing the balancing property for variable u74 in block 1

Two-sample t test with equal variances
------------------------------------------------------------------------------
   Group |     Obs        Mean    Std. err.   Std. dev.   [95% conf. interval]
---------+--------------------------------------------------------------------
       0 |   3,214    .3397635    .0083557    .4737025    .3233805    .3561466
       1 |      18    .3333333    .1143324    .4850713    .0921131    .5745536
---------+--------------------------------------------------------------------
Combined |   3,232    .3397277    .0083322      .47369    .3233908    .3560646
---------+--------------------------------------------------------------------
    diff |            .0064302    .1119793               -.2131274    .2259878
------------------------------------------------------------------------------
    diff = mean(0) - mean(1)                                      t =   0.0574
H0: diff = 0                                     Degrees of freedom =     3230

    Ha: diff < 0                 Ha: diff != 0                 Ha: diff > 0
 Pr(T < t) = 0.5229         Pr(|T| > |t|) = 0.9542          Pr(T > t) = 0.4771

Variable u74 is  balanced  in block 1



Testing the balancing property for variable u75 in block 1

Two-sample t test with equal variances
------------------------------------------------------------------------------
   Group |     Obs        Mean    Std. err.   Std. dev.   [95% conf. interval]
---------+--------------------------------------------------------------------
       0 |   3,214    .2809583    .0079294    .4495371     .265411    .2965056
       1 |      18    .2777778    .1086325    .4608886    .0485833    .5069723
---------+--------------------------------------------------------------------
Combined |   3,232    .2809406    .0079072    .4495281     .265437    .2964442
---------+--------------------------------------------------------------------
    diff |            .0031805    .1062675                -.205178    .2115391
------------------------------------------------------------------------------
    diff = mean(0) - mean(1)                                      t =   0.0299
H0: diff = 0                                     Degrees of freedom =     3230

    Ha: diff < 0                 Ha: diff != 0                 Ha: diff > 0
 Pr(T < t) = 0.5119         Pr(|T| > |t|) = 0.9761          Pr(T > t) = 0.4881

Variable u75 is  balanced  in block 1



Testing the balancing property for variable educ_re74 in block 1

Two-sample t test with equal variances
------------------------------------------------------------------------------
   Group |     Obs        Mean    Std. err.   Std. dev.   [95% conf. interval]
---------+--------------------------------------------------------------------
       0 |   3,214    69138.56    1594.004     90367.5    66013.19    72263.93
       1 |      18    61357.03    16700.21    70852.97    26122.68    96591.39
---------+--------------------------------------------------------------------
Combined |   3,232    69095.22    1587.733    90263.72    65982.15    72208.29
---------+--------------------------------------------------------------------
    diff |            7781.526    21337.72               -34055.31    49618.37
------------------------------------------------------------------------------
    diff = mean(0) - mean(1)                                      t =   0.3647
H0: diff = 0                                     Degrees of freedom =     3230

    Ha: diff < 0                 Ha: diff != 0                 Ha: diff > 0
 Pr(T < t) = 0.6423         Pr(|T| > |t|) = 0.7154          Pr(T > t) = 0.3577

Variable educ_re74 is  balanced  in block 1



Testing the balancing property for variable age3 in block 1

Two-sample t test with equal variances
------------------------------------------------------------------------------
   Group |     Obs        Mean    Std. err.   Std. dev.   [95% conf. interval]
---------+--------------------------------------------------------------------
       0 |   3,214    25898.58     553.812    31396.79    24812.72    26984.44
       1 |      18    26855.89    5368.957    22778.56    15528.38     38183.4
---------+--------------------------------------------------------------------
Combined |   3,232    25903.92    551.4949    31352.86     24822.6    26985.23
---------+--------------------------------------------------------------------
    diff |           -957.3049    7411.733               -15489.48    13574.87
------------------------------------------------------------------------------
    diff = mean(0) - mean(1)                                      t =  -0.1292
H0: diff = 0                                     Degrees of freedom =     3230

    Ha: diff < 0                 Ha: diff != 0                 Ha: diff > 0
 Pr(T < t) = 0.4486         Pr(|T| > |t|) = 0.8972          Pr(T > t) = 0.5514

Variable age3 is  balanced  in block 1



**************************************************** 
Testing the balancing property in block 2
**************************************************** 
 obs: 248,  control: 240,  treated: 8



Testing the balancing property for variable age in block 2

Two-sample t test with equal variances
------------------------------------------------------------------------------
   Group |     Obs        Mean    Std. err.   Std. dev.   [95% conf. interval]
---------+--------------------------------------------------------------------
       0 |     240    26.01667    .5007305    7.757284    25.03026    27.00308
       1 |       8       22.75    1.655618    4.682795    18.83509    26.66491
---------+--------------------------------------------------------------------
Combined |     248    25.91129    .4885065    7.693009    24.94912    26.87346
---------+--------------------------------------------------------------------
    diff |            3.266667    2.762623               -2.174746    8.708079
------------------------------------------------------------------------------
    diff = mean(0) - mean(1)                                      t =   1.1825
H0: diff = 0                                     Degrees of freedom =      246

    Ha: diff < 0                 Ha: diff != 0                 Ha: diff > 0
 Pr(T < t) = 0.8809         Pr(|T| > |t|) = 0.2382          Pr(T > t) = 0.1191

Variable age is  balanced  in block 2



Testing the balancing property for variable age2 in block 2

Two-sample t test with equal variances
------------------------------------------------------------------------------
   Group |     Obs        Mean    Std. err.   Std. dev.   [95% conf. interval]
---------+--------------------------------------------------------------------
       0 |     240    736.7917    29.75891    461.0231    678.1684    795.4149
       1 |       8      536.75    78.46945    221.9451    351.1992    722.3008
---------+--------------------------------------------------------------------
Combined |     248    730.3387    28.98196    456.4084    673.2554     787.422
---------+--------------------------------------------------------------------
    diff |            200.0417    163.8696               -122.7247     522.808
------------------------------------------------------------------------------
    diff = mean(0) - mean(1)                                      t =   1.2207
H0: diff = 0                                     Degrees of freedom =      246

    Ha: diff < 0                 Ha: diff != 0                 Ha: diff > 0
 Pr(T < t) = 0.8883         Pr(|T| > |t|) = 0.2234          Pr(T > t) = 0.1117

Variable age2 is  balanced  in block 2



Testing the balancing property for variable education in block 2

Two-sample t test with equal variances
------------------------------------------------------------------------------
   Group |     Obs        Mean    Std. err.   Std. dev.   [95% conf. interval]
---------+--------------------------------------------------------------------
       0 |     240     10.7875    .1379873     2.13769    10.51567    11.05933
       1 |       8      10.375    .6529466    1.846812    8.831027    11.91897
---------+--------------------------------------------------------------------
Combined |     248    10.77419    .1350583      2.1269    10.50818    11.04021
---------+--------------------------------------------------------------------
    diff |               .4125    .7655033               -1.095277    1.920277
------------------------------------------------------------------------------
    diff = mean(0) - mean(1)                                      t =   0.5389
H0: diff = 0                                     Degrees of freedom =      246

    Ha: diff < 0                 Ha: diff != 0                 Ha: diff > 0
 Pr(T < t) = 0.7048         Pr(|T| > |t|) = 0.5905          Pr(T > t) = 0.2952

Variable education is  balanced  in block 2



Testing the balancing property for variable educ2 in block 2

Two-sample t test with equal variances
------------------------------------------------------------------------------
   Group |     Obs        Mean    Std. err.   Std. dev.   [95% conf. interval]
---------+--------------------------------------------------------------------
       0 |     240    120.9208    2.854874    44.22752    115.2969    126.5448
       1 |       8     110.625    13.22462    37.40488    79.35374    141.8963
---------+--------------------------------------------------------------------
Combined |     248    120.5887    2.793781    43.99651     115.086    126.0914
---------+--------------------------------------------------------------------
    diff |            10.29583    15.83074               -20.88525    41.47692
------------------------------------------------------------------------------
    diff = mean(0) - mean(1)                                      t =   0.6504
H0: diff = 0                                     Degrees of freedom =      246

    Ha: diff < 0                 Ha: diff != 0                 Ha: diff > 0
 Pr(T < t) = 0.7420         Pr(|T| > |t|) = 0.5161          Pr(T > t) = 0.2580

Variable educ2 is  balanced  in block 2



Testing the balancing property for variable married in block 2

Two-sample t test with equal variances
------------------------------------------------------------------------------
   Group |     Obs        Mean    Std. err.   Std. dev.   [95% conf. interval]
---------+--------------------------------------------------------------------
       0 |     240       .3625    .0310953    .4817268    .3012441    .4237559
       1 |       8        .375    .1829813    .5175492   -.0576819    .8076819
---------+--------------------------------------------------------------------
Combined |     248    .3629032    .0305949    .4818096     .302643    .4231635
---------+--------------------------------------------------------------------
    diff |              -.0125     .173511               -.3542567    .3292567
------------------------------------------------------------------------------
    diff = mean(0) - mean(1)                                      t =  -0.0720
H0: diff = 0                                     Degrees of freedom =      246

    Ha: diff < 0                 Ha: diff != 0                 Ha: diff > 0
 Pr(T < t) = 0.4713         Pr(|T| > |t|) = 0.9426          Pr(T > t) = 0.5287

Variable married is  balanced  in block 2



Testing the balancing property for variable nodegree in block 2

Two-sample t test with equal variances
------------------------------------------------------------------------------
   Group |     Obs        Mean    Std. err.   Std. dev.   [95% conf. interval]
---------+--------------------------------------------------------------------
       0 |     240    .5708333    .0320161    .4959916    .5077635    .6339032
       1 |       8          .5    .1889822    .5345225     .053128     .946872
---------+--------------------------------------------------------------------
Combined |     248    .5685484    .0315138    .4962804    .5064783    .6306185
---------+--------------------------------------------------------------------
    diff |            .0708333    .1786671               -.2810791    .4227457
------------------------------------------------------------------------------
    diff = mean(0) - mean(1)                                      t =   0.3965
H0: diff = 0                                     Degrees of freedom =      246

    Ha: diff < 0                 Ha: diff != 0                 Ha: diff > 0
 Pr(T < t) = 0.6539         Pr(|T| > |t|) = 0.6921          Pr(T > t) = 0.3461

Variable nodegree is  balanced  in block 2



Testing the balancing property for variable black in block 2

Two-sample t test with equal variances
------------------------------------------------------------------------------
   Group |     Obs        Mean    Std. err.   Std. dev.   [95% conf. interval]
---------+--------------------------------------------------------------------
       0 |     240         .45    .0321802    .4985334     .386607     .513393
       1 |       8         .25    .1636634      .46291   -.1370025    .6370025
---------+--------------------------------------------------------------------
Combined |     248    .4435484    .0316108    .4978077    .3812873    .5058095
---------+--------------------------------------------------------------------
    diff |                  .2    .1788201               -.1522137    .5522137
------------------------------------------------------------------------------
    diff = mean(0) - mean(1)                                      t =   1.1184
H0: diff = 0                                     Degrees of freedom =      246

    Ha: diff < 0                 Ha: diff != 0                 Ha: diff > 0
 Pr(T < t) = 0.8678         Pr(|T| > |t|) = 0.2645          Pr(T > t) = 0.1322

Variable black is  balanced  in block 2



Testing the balancing property for variable hispanic in block 2

Two-sample t test with equal variances
------------------------------------------------------------------------------
   Group |     Obs        Mean    Std. err.   Std. dev.   [95% conf. interval]
---------+--------------------------------------------------------------------
       0 |     240       .2875     .029276    .4535425     .229828     .345172
       1 |       8         .25    .1636634      .46291   -.1370025    .6370025
---------+--------------------------------------------------------------------
Combined |     248    .2862903    .0287618    .4529408    .2296407    .3429399
---------+--------------------------------------------------------------------
    diff |               .0375    .1630989               -.2837484    .3587484
------------------------------------------------------------------------------
    diff = mean(0) - mean(1)                                      t =   0.2299
H0: diff = 0                                     Degrees of freedom =      246

    Ha: diff < 0                 Ha: diff != 0                 Ha: diff > 0
 Pr(T < t) = 0.5908         Pr(|T| > |t|) = 0.8183          Pr(T > t) = 0.4092

Variable hispanic is  balanced  in block 2



Testing the balancing property for variable re74 in block 2

Two-sample t test with equal variances
------------------------------------------------------------------------------
   Group |     Obs        Mean    Std. err.   Std. dev.   [95% conf. interval]
---------+--------------------------------------------------------------------
       0 |     240     4422.49    392.9223    6087.126    3648.457    5196.523
       1 |       8    2385.746    1432.611    4052.037   -1001.841    5773.334
---------+--------------------------------------------------------------------
Combined |     248    4356.788    383.3655    6037.246    3601.706    5111.871
---------+--------------------------------------------------------------------
    diff |            2036.743    2170.296                -2237.99    6311.477
------------------------------------------------------------------------------
    diff = mean(0) - mean(1)                                      t =   0.9385
H0: diff = 0                                     Degrees of freedom =      246

    Ha: diff < 0                 Ha: diff != 0                 Ha: diff > 0
 Pr(T < t) = 0.8255         Pr(|T| > |t|) = 0.3489          Pr(T > t) = 0.1745

Variable re74 is  balanced  in block 2



Testing the balancing property for variable re75 in block 2

Two-sample t test with equal variances
------------------------------------------------------------------------------
   Group |     Obs        Mean    Std. err.   Std. dev.   [95% conf. interval]
---------+--------------------------------------------------------------------
       0 |     240    3350.775    306.2121    4743.817    2747.556    3953.994
       1 |       8    2128.811    864.9536    2446.458    83.52108    4174.101
---------+--------------------------------------------------------------------
Combined |     248    3311.357    297.7832    4689.494    2724.839    3897.875
---------+--------------------------------------------------------------------
    diff |            1221.964    1687.017               -2100.877    4544.804
------------------------------------------------------------------------------
    diff = mean(0) - mean(1)                                      t =   0.7243
H0: diff = 0                                     Degrees of freedom =      246

    Ha: diff < 0                 Ha: diff != 0                 Ha: diff > 0
 Pr(T < t) = 0.7652         Pr(|T| > |t|) = 0.4695          Pr(T > t) = 0.2348

Variable re75 is  balanced  in block 2



Testing the balancing property for variable u74 in block 2

Two-sample t test with equal variances
------------------------------------------------------------------------------
   Group |     Obs        Mean    Std. err.   Std. dev.   [95% conf. interval]
---------+--------------------------------------------------------------------
       0 |     240    .4416667    .0321214    .4976234    .3783894     .504944
       1 |       8        .625    .1829813    .5175492    .1923181    1.057682
---------+--------------------------------------------------------------------
Combined |     248    .4475806    .0316389    .4982502    .3852642    .5098971
---------+--------------------------------------------------------------------
    diff |           -.1833333    .1790524               -.5360046     .169338
------------------------------------------------------------------------------
    diff = mean(0) - mean(1)                                      t =  -1.0239
H0: diff = 0                                     Degrees of freedom =      246

    Ha: diff < 0                 Ha: diff != 0                 Ha: diff > 0
 Pr(T < t) = 0.1534         Pr(|T| > |t|) = 0.3069          Pr(T > t) = 0.8466

Variable u74 is  balanced  in block 2



Testing the balancing property for variable u75 in block 2

Two-sample t test with equal variances
------------------------------------------------------------------------------
   Group |     Obs        Mean    Std. err.   Std. dev.   [95% conf. interval]
---------+--------------------------------------------------------------------
       0 |     240          .4    .0316889    .4909218    .3375749    .4624251
       1 |       8        .375    .1829813    .5175492   -.0576819    .8076819
---------+--------------------------------------------------------------------
Combined |     248    .3991935    .0311609     .490723    .3378185    .4605686
---------+--------------------------------------------------------------------
    diff |                .025    .1767156               -.3230686    .3730686
------------------------------------------------------------------------------
    diff = mean(0) - mean(1)                                      t =   0.1415
H0: diff = 0                                     Degrees of freedom =      246

    Ha: diff < 0                 Ha: diff != 0                 Ha: diff > 0
 Pr(T < t) = 0.5562         Pr(|T| > |t|) = 0.8876          Pr(T > t) = 0.4438

Variable u75 is  balanced  in block 2



Testing the balancing property for variable educ_re74 in block 2

Two-sample t test with equal variances
------------------------------------------------------------------------------
   Group |     Obs        Mean    Std. err.   Std. dev.   [95% conf. interval]
---------+--------------------------------------------------------------------
       0 |     240     49360.9    4566.515    70744.15    40365.14    58356.66
       1 |       8    28306.09    17229.56    48732.54   -12435.34    69047.51
---------+--------------------------------------------------------------------
Combined |     248    48681.71    4455.803    70170.05     39905.5    57457.93
---------+--------------------------------------------------------------------
    diff |            21054.81    25234.48               -28648.38    70758.01
------------------------------------------------------------------------------
    diff = mean(0) - mean(1)                                      t =   0.8344
H0: diff = 0                                     Degrees of freedom =      246

    Ha: diff < 0                 Ha: diff != 0                 Ha: diff > 0
 Pr(T < t) = 0.7976         Pr(|T| > |t|) = 0.4049          Pr(T > t) = 0.2024

Variable educ_re74 is  balanced  in block 2



Testing the balancing property for variable age3 in block 2

Two-sample t test with equal variances
------------------------------------------------------------------------------
   Group |     Obs        Mean    Std. err.   Std. dev.   [95% conf. interval]
---------+--------------------------------------------------------------------
       0 |     240    22674.19    1461.576    22642.64    19794.98    25553.41
       1 |       8    13116.25    2883.263    8155.099    6298.417    19934.08
---------+--------------------------------------------------------------------
Combined |     248    22365.87    1421.085    22379.27    19566.88    25164.86
---------+--------------------------------------------------------------------
    diff |            9557.942    8036.318               -6270.825    25386.71
------------------------------------------------------------------------------
    diff = mean(0) - mean(1)                                      t =   1.1893
H0: diff = 0                                     Degrees of freedom =      246

    Ha: diff < 0                 Ha: diff != 0                 Ha: diff > 0
 Pr(T < t) = 0.8823         Pr(|T| > |t|) = 0.2355          Pr(T > t) = 0.1177

Variable age3 is  balanced  in block 2



**************************************************** 
Testing the balancing property in block 3
**************************************************** 
 obs: 186,  control: 172,  treated: 14



Testing the balancing property for variable age in block 3

Two-sample t test with equal variances
------------------------------------------------------------------------------
   Group |     Obs        Mean    Std. err.   Std. dev.   [95% conf. interval]
---------+--------------------------------------------------------------------
       0 |     172    26.09302    .6731254    8.827957    24.76432    27.42173
       1 |      14    29.42857    2.999477    11.22301     22.9486    35.90855
---------+--------------------------------------------------------------------
Combined |     186    26.34409    .6626144    9.036855    25.03683    27.65134
---------+--------------------------------------------------------------------
    diff |           -3.335548    2.506353               -8.280434    1.609338
------------------------------------------------------------------------------
    diff = mean(0) - mean(1)                                      t =  -1.3308
H0: diff = 0                                     Degrees of freedom =      184

    Ha: diff < 0                 Ha: diff != 0                 Ha: diff > 0
 Pr(T < t) = 0.0924         Pr(|T| > |t|) = 0.1849          Pr(T > t) = 0.9076

Variable age is  balanced  in block 3



Testing the balancing property for variable age2 in block 3

Two-sample t test with equal variances
------------------------------------------------------------------------------
   Group |     Obs        Mean    Std. err.   Std. dev.   [95% conf. interval]
---------+--------------------------------------------------------------------
       0 |     172    758.3256    44.89287    588.7644      669.71    846.9411
       1 |      14         983    194.9567    729.4613    561.8216    1404.178
---------+--------------------------------------------------------------------
Combined |     186    775.2366    44.07565    601.1118     688.281    862.1921
---------+--------------------------------------------------------------------
    diff |           -224.6744    166.6967               -553.5572    104.2083
------------------------------------------------------------------------------
    diff = mean(0) - mean(1)                                      t =  -1.3478
H0: diff = 0                                     Degrees of freedom =      184

    Ha: diff < 0                 Ha: diff != 0                 Ha: diff > 0
 Pr(T < t) = 0.0897         Pr(|T| > |t|) = 0.1794          Pr(T > t) = 0.9103

Variable age2 is  balanced  in block 3



Testing the balancing property for variable education in block 3

Two-sample t test with equal variances
------------------------------------------------------------------------------
   Group |     Obs        Mean    Std. err.   Std. dev.   [95% conf. interval]
---------+--------------------------------------------------------------------
       0 |     172    10.57558    .1923338    2.522434    10.19593    10.95524
       1 |      14    11.07143    .7592961    2.841026    9.431069    12.71179
---------+--------------------------------------------------------------------
Combined |     186     10.6129    .1864433    2.542747    10.24507    10.98073
---------+--------------------------------------------------------------------
    diff |           -.4958472    .7076683               -1.892035    .9003402
------------------------------------------------------------------------------
    diff = mean(0) - mean(1)                                      t =  -0.7007
H0: diff = 0                                     Degrees of freedom =      184

    Ha: diff < 0                 Ha: diff != 0                 Ha: diff > 0
 Pr(T < t) = 0.2422         Pr(|T| > |t|) = 0.4844          Pr(T > t) = 0.7578

Variable education is  balanced  in block 3



Testing the balancing property for variable educ2 in block 3

Two-sample t test with equal variances
------------------------------------------------------------------------------
   Group |     Obs        Mean    Std. err.   Std. dev.   [95% conf. interval]
---------+--------------------------------------------------------------------
       0 |     172    118.1686    3.750734    49.19041    110.7649    125.5723
       1 |      14    130.0714    16.36818    61.24411    94.71013    165.4327
---------+--------------------------------------------------------------------
Combined |     186    119.0645    3.673555    50.10061    111.8171     126.312
---------+--------------------------------------------------------------------
    diff |           -11.90282    13.93442                -39.3946    15.58895
------------------------------------------------------------------------------
    diff = mean(0) - mean(1)                                      t =  -0.8542
H0: diff = 0                                     Degrees of freedom =      184

    Ha: diff < 0                 Ha: diff != 0                 Ha: diff > 0
 Pr(T < t) = 0.1971         Pr(|T| > |t|) = 0.3941          Pr(T > t) = 0.8029

Variable educ2 is  balanced  in block 3



Testing the balancing property for variable married in block 3

Two-sample t test with equal variances
------------------------------------------------------------------------------
   Group |     Obs        Mean    Std. err.   Std. dev.   [95% conf. interval]
---------+--------------------------------------------------------------------
       0 |     172    .3430233    .0363027    .4761052    .2713642    .4146824
       1 |      14    .2857143     .125294    .4688072     .015033    .5563955
---------+--------------------------------------------------------------------
Combined |     186    .3387097    .0347956    .4745484    .2700625    .4073568
---------+--------------------------------------------------------------------
    diff |             .057309    .1321795               -.2034732    .3180912
------------------------------------------------------------------------------
    diff = mean(0) - mean(1)                                      t =   0.4336
H0: diff = 0                                     Degrees of freedom =      184

    Ha: diff < 0                 Ha: diff != 0                 Ha: diff > 0
 Pr(T < t) = 0.6674         Pr(|T| > |t|) = 0.6651          Pr(T > t) = 0.3326

Variable married is  balanced  in block 3



Testing the balancing property for variable nodegree in block 3

Two-sample t test with equal variances
------------------------------------------------------------------------------
   Group |     Obs        Mean    Std. err.   Std. dev.   [95% conf. interval]
---------+--------------------------------------------------------------------
       0 |     172    .5813953    .0377259    .4947707    .5069269    .6558638
       1 |      14          .5     .138675    .5188745    .2004108    .7995892
---------+--------------------------------------------------------------------
Combined |     186    .5752688    .0363418    .4956363    .5035711    .6469665
---------+--------------------------------------------------------------------
    diff |            .0813953    .1379933               -.1908573     .353648
------------------------------------------------------------------------------
    diff = mean(0) - mean(1)                                      t =   0.5898
H0: diff = 0                                     Degrees of freedom =      184

    Ha: diff < 0                 Ha: diff != 0                 Ha: diff > 0
 Pr(T < t) = 0.7220         Pr(|T| > |t|) = 0.5560          Pr(T > t) = 0.2780

Variable nodegree is  balanced  in block 3



Testing the balancing property for variable black in block 3

Two-sample t test with equal variances
------------------------------------------------------------------------------
   Group |     Obs        Mean    Std. err.   Std. dev.   [95% conf. interval]
---------+--------------------------------------------------------------------
       0 |     172    .7383721     .033611    .4408043    .6720262     .804718
       1 |      14    .8571429    .0970523    .3631365    .6474741    1.066812
---------+--------------------------------------------------------------------
Combined |     186    .7473118     .031949    .4357265    .6842806    .8103431
---------+--------------------------------------------------------------------
    diff |           -.1187708     .121112               -.3577175     .120176
------------------------------------------------------------------------------
    diff = mean(0) - mean(1)                                      t =  -0.9807
H0: diff = 0                                     Degrees of freedom =      184

    Ha: diff < 0                 Ha: diff != 0                 Ha: diff > 0
 Pr(T < t) = 0.1640         Pr(|T| > |t|) = 0.3280          Pr(T > t) = 0.8360

Variable black is  balanced  in block 3



Testing the balancing property for variable hispanic in block 3

Two-sample t test with equal variances
------------------------------------------------------------------------------
   Group |     Obs        Mean    Std. err.   Std. dev.   [95% conf. interval]
---------+--------------------------------------------------------------------
       0 |     172    .1627907    .0282315    .3702525    .1070636    .2185178
       1 |      14           0           0           0           0           0
---------+--------------------------------------------------------------------
Combined |     186    .1505376    .0262911    .3585628    .0986687    .2024066
---------+--------------------------------------------------------------------
    diff |            .1627907    .0992008               -.0329267    .3585081
------------------------------------------------------------------------------
    diff = mean(0) - mean(1)                                      t =   1.6410
H0: diff = 0                                     Degrees of freedom =      184

    Ha: diff < 0                 Ha: diff != 0                 Ha: diff > 0
 Pr(T < t) = 0.9487         Pr(|T| > |t|) = 0.1025          Pr(T > t) = 0.0513

Variable hispanic is  balanced  in block 3



Testing the balancing property for variable re74 in block 3

Two-sample t test with equal variances
------------------------------------------------------------------------------
   Group |     Obs        Mean    Std. err.   Std. dev.   [95% conf. interval]
---------+--------------------------------------------------------------------
       0 |     172    4803.598    457.9231    6005.605    3899.688    5707.508
       1 |      14    4046.168    2443.968    9144.492   -1233.704    9326.041
---------+--------------------------------------------------------------------
Combined |     186    4746.587    459.3951    6265.313    3840.261    5652.914
---------+--------------------------------------------------------------------
    diff |            757.4298    1745.122               -2685.592    4200.452
------------------------------------------------------------------------------
    diff = mean(0) - mean(1)                                      t =   0.4340
H0: diff = 0                                     Degrees of freedom =      184

    Ha: diff < 0                 Ha: diff != 0                 Ha: diff > 0
 Pr(T < t) = 0.6676         Pr(|T| > |t|) = 0.6648          Pr(T > t) = 0.3324

Variable re74 is  balanced  in block 3



Testing the balancing property for variable re75 in block 3

Two-sample t test with equal variances
------------------------------------------------------------------------------
   Group |     Obs        Mean    Std. err.   Std. dev.   [95% conf. interval]
---------+--------------------------------------------------------------------
       0 |     172    3413.146    310.0391    4066.124    2801.149    4025.143
       1 |      14    2204.415    915.4509    3425.303    226.7041    4182.127
---------+--------------------------------------------------------------------
Combined |     186    3322.166    295.2026    4026.027     2739.77    3904.563
---------+--------------------------------------------------------------------
    diff |             1208.73    1118.427               -997.8605    3415.321
------------------------------------------------------------------------------
    diff = mean(0) - mean(1)                                      t =   1.0807
H0: diff = 0                                     Degrees of freedom =      184

    Ha: diff < 0                 Ha: diff != 0                 Ha: diff > 0
 Pr(T < t) = 0.8594         Pr(|T| > |t|) = 0.2812          Pr(T > t) = 0.1406

Variable re75 is  balanced  in block 3



Testing the balancing property for variable u74 in block 3

Two-sample t test with equal variances
------------------------------------------------------------------------------
   Group |     Obs        Mean    Std. err.   Std. dev.   [95% conf. interval]
---------+--------------------------------------------------------------------
       0 |     172    .3255814    .0358341    .4699598    .2548472    .3963155
       1 |      14    .4285714    .1372527    .5135526     .132055    .7250879
---------+--------------------------------------------------------------------
Combined |     186    .3333333    .0346583    .4726769    .2649569    .4017097
---------+--------------------------------------------------------------------
    diff |             -.10299    .1315064               -.3624444    .1564643
------------------------------------------------------------------------------
    diff = mean(0) - mean(1)                                      t =  -0.7832
H0: diff = 0                                     Degrees of freedom =      184

    Ha: diff < 0                 Ha: diff != 0                 Ha: diff > 0
 Pr(T < t) = 0.2173         Pr(|T| > |t|) = 0.4345          Pr(T > t) = 0.7827

Variable u74 is  balanced  in block 3



Testing the balancing property for variable u75 in block 3

Two-sample t test with equal variances
------------------------------------------------------------------------------
   Group |     Obs        Mean    Std. err.   Std. dev.   [95% conf. interval]
---------+--------------------------------------------------------------------
       0 |     172    .3081395     .035309    .4630727     .238442    .3778371
       1 |      14    .4285714    .1372527    .5135526     .132055    .7250879
---------+--------------------------------------------------------------------
Combined |     186    .3172043     .034216    .4666438    .2497006     .384708
---------+--------------------------------------------------------------------
    diff |           -.1204319    .1297407               -.3764026    .1355388
------------------------------------------------------------------------------
    diff = mean(0) - mean(1)                                      t =  -0.9283
H0: diff = 0                                     Degrees of freedom =      184

    Ha: diff < 0                 Ha: diff != 0                 Ha: diff > 0
 Pr(T < t) = 0.1772         Pr(|T| > |t|) = 0.3545          Pr(T > t) = 0.8228

Variable u75 is  balanced  in block 3



Testing the balancing property for variable educ_re74 in block 3

Two-sample t test with equal variances
------------------------------------------------------------------------------
   Group |     Obs        Mean    Std. err.   Std. dev.   [95% conf. interval]
---------+--------------------------------------------------------------------
       0 |     172    53301.64     5258.48    68964.32    42921.74    63681.53
       1 |      14    51488.84    34325.97      128436   -22667.92    125645.6
---------+--------------------------------------------------------------------
Combined |     186    53165.19    5465.214    74535.59    42383.03    63947.35
---------+--------------------------------------------------------------------
    diff |            1812.802    20771.12               -39167.38    42792.98
------------------------------------------------------------------------------
    diff = mean(0) - mean(1)                                      t =   0.0873
H0: diff = 0                                     Degrees of freedom =      184

    Ha: diff < 0                 Ha: diff != 0                 Ha: diff > 0
 Pr(T < t) = 0.5347         Pr(|T| > |t|) = 0.9305          Pr(T > t) = 0.4653

Variable educ_re74 is  balanced  in block 3



Testing the balancing property for variable age3 in block 3

Two-sample t test with equal variances
------------------------------------------------------------------------------
   Group |     Obs        Mean    Std. err.   Std. dev.   [95% conf. interval]
---------+--------------------------------------------------------------------
       0 |     172    24869.97    2490.273    32659.63    19954.33     29785.6
       1 |      14       36503    10024.81     37509.4    14845.72    58160.28
---------+--------------------------------------------------------------------
Combined |     186    25745.57    2425.524    33079.74    20960.33    30530.81
---------+--------------------------------------------------------------------
    diff |           -11633.03     9178.67               -29742.01    6475.936
------------------------------------------------------------------------------
    diff = mean(0) - mean(1)                                      t =  -1.2674
H0: diff = 0                                     Degrees of freedom =      184

    Ha: diff < 0                 Ha: diff != 0                 Ha: diff > 0
 Pr(T < t) = 0.1033         Pr(|T| > |t|) = 0.2066          Pr(T > t) = 0.8967

Variable age3 is  balanced  in block 3



**************************************************** 
Testing the balancing property in block 4
**************************************************** 
 obs: 115,  control: 96,  treated: 19



Testing the balancing property for variable age in block 4

Two-sample t test with equal variances
------------------------------------------------------------------------------
   Group |     Obs        Mean    Std. err.   Std. dev.   [95% conf. interval]
---------+--------------------------------------------------------------------
       0 |      96    26.72917    .8076497    7.913319    25.12578    28.33255
       1 |      19    27.21053    2.248559    9.801241    22.48648    31.93457
---------+--------------------------------------------------------------------
Combined |     115     26.8087    .7654731    8.208784     25.2923    28.32509
---------+--------------------------------------------------------------------
    diff |           -.4813596    2.069782               -4.581971    3.619252
------------------------------------------------------------------------------
    diff = mean(0) - mean(1)                                      t =  -0.2326
H0: diff = 0                                     Degrees of freedom =      113

    Ha: diff < 0                 Ha: diff != 0                 Ha: diff > 0
 Pr(T < t) = 0.4083         Pr(|T| > |t|) = 0.8165          Pr(T > t) = 0.5917

Variable age is  balanced  in block 4



Testing the balancing property for variable age2 in block 4

Two-sample t test with equal variances
------------------------------------------------------------------------------
   Group |     Obs        Mean    Std. err.   Std. dev.   [95% conf. interval]
---------+--------------------------------------------------------------------
       0 |      96    776.4167    48.57423    475.9283    679.9846    872.8487
       1 |      19    831.4211    146.0525     636.628    524.5762    1138.266
---------+--------------------------------------------------------------------
Combined |     115    785.5043    46.92004    503.1614    692.5561    878.4526
---------+--------------------------------------------------------------------
    diff |           -55.00439    126.7931               -306.2044    196.1957
------------------------------------------------------------------------------
    diff = mean(0) - mean(1)                                      t =  -0.4338
H0: diff = 0                                     Degrees of freedom =      113

    Ha: diff < 0                 Ha: diff != 0                 Ha: diff > 0
 Pr(T < t) = 0.3326         Pr(|T| > |t|) = 0.6653          Pr(T > t) = 0.6674

Variable age2 is  balanced  in block 4



Testing the balancing property for variable education in block 4

Two-sample t test with equal variances
------------------------------------------------------------------------------
   Group |     Obs        Mean    Std. err.   Std. dev.   [95% conf. interval]
---------+--------------------------------------------------------------------
       0 |      96    10.77083    .2320197     2.27332    10.31022    11.23145
       1 |      19    9.157895     .617783    2.692854    7.859981    10.45581
---------+--------------------------------------------------------------------
Combined |     115    10.50435    .2248396    2.411136    10.05894    10.94975
---------+--------------------------------------------------------------------
    diff |            1.612939    .5888606                .4462996    2.779578
------------------------------------------------------------------------------
    diff = mean(0) - mean(1)                                      t =   2.7391
H0: diff = 0                                     Degrees of freedom =      113

    Ha: diff < 0                 Ha: diff != 0                 Ha: diff > 0
 Pr(T < t) = 0.9964         Pr(|T| > |t|) = 0.0072          Pr(T > t) = 0.0036

Variable education is not balanced in block 4



Testing the balancing property for variable educ2 in block 4

Two-sample t test with equal variances
------------------------------------------------------------------------------
   Group |     Obs        Mean    Std. err.   Std. dev.   [95% conf. interval]
---------+--------------------------------------------------------------------
       0 |      96     121.125    4.916925    48.17583    111.3637    130.8863
       1 |      19    90.73684    9.892061     43.1185    69.95439    111.5193
---------+--------------------------------------------------------------------
Combined |     115    116.1043    4.526376    48.53998    107.1376    125.0711
---------+--------------------------------------------------------------------
    diff |            30.38816    11.90346                6.805255    53.97106
------------------------------------------------------------------------------
    diff = mean(0) - mean(1)                                      t =   2.5529
H0: diff = 0                                     Degrees of freedom =      113

    Ha: diff < 0                 Ha: diff != 0                 Ha: diff > 0
 Pr(T < t) = 0.9940         Pr(|T| > |t|) = 0.0120          Pr(T > t) = 0.0060

Variable educ2 is  balanced  in block 4



Testing the balancing property for variable married in block 4

Two-sample t test with equal variances
------------------------------------------------------------------------------
   Group |     Obs        Mean    Std. err.   Std. dev.   [95% conf. interval]
---------+--------------------------------------------------------------------
       0 |      96    .3020833    .0471089    .4615715    .2085603    .3956064
       1 |      19    .2631579    .1037909    .4524139    .0451014    .4812144
---------+--------------------------------------------------------------------
Combined |     115    .2956522    .0427397    .4583325    .2109851    .3803192
---------+--------------------------------------------------------------------
    diff |            .0389254    .1155347               -.1899696    .2678204
------------------------------------------------------------------------------
    diff = mean(0) - mean(1)                                      t =   0.3369
H0: diff = 0                                     Degrees of freedom =      113

    Ha: diff < 0                 Ha: diff != 0                 Ha: diff > 0
 Pr(T < t) = 0.6316         Pr(|T| > |t|) = 0.7368          Pr(T > t) = 0.3684

Variable married is  balanced  in block 4



Testing the balancing property for variable nodegree in block 4

Two-sample t test with equal variances
------------------------------------------------------------------------------
   Group |     Obs        Mean    Std. err.   Std. dev.   [95% conf. interval]
---------+--------------------------------------------------------------------
       0 |      96       .5625    .0508966    .4986825    .4614575    .6635425
       1 |      19    .8421053     .085947    .3746343    .6615373    1.022673
---------+--------------------------------------------------------------------
Combined |     115    .6086957    .0457093    .4901781    .5181458    .6992455
---------+--------------------------------------------------------------------
    diff |           -.2796053    .1207936               -.5189192   -.0402913
------------------------------------------------------------------------------
    diff = mean(0) - mean(1)                                      t =  -2.3147
H0: diff = 0                                     Degrees of freedom =      113

    Ha: diff < 0                 Ha: diff != 0                 Ha: diff > 0
 Pr(T < t) = 0.0112         Pr(|T| > |t|) = 0.0224          Pr(T > t) = 0.9888

Variable nodegree is  balanced  in block 4



Testing the balancing property for variable black in block 4

Two-sample t test with equal variances
------------------------------------------------------------------------------
   Group |     Obs        Mean    Std. err.   Std. dev.   [95% conf. interval]
---------+--------------------------------------------------------------------
       0 |      96        .875     .033931     .332455    .8076384    .9423616
       1 |      19    .7894737    .0960917    .4188539    .5875926    .9913548
---------+--------------------------------------------------------------------
Combined |     115    .8608696    .0324136    .3475972    .7966585    .9250807
---------+--------------------------------------------------------------------
    diff |            .0855263     .087295               -.0874207    .2584734
------------------------------------------------------------------------------
    diff = mean(0) - mean(1)                                      t =   0.9797
H0: diff = 0                                     Degrees of freedom =      113

    Ha: diff < 0                 Ha: diff != 0                 Ha: diff > 0
 Pr(T < t) = 0.8353         Pr(|T| > |t|) = 0.3293          Pr(T > t) = 0.1647

Variable black is  balanced  in block 4



Testing the balancing property for variable hispanic in block 4

Two-sample t test with equal variances
------------------------------------------------------------------------------
   Group |     Obs        Mean    Std. err.   Std. dev.   [95% conf. interval]
---------+--------------------------------------------------------------------
       0 |      96    .0833333    .0283565    .2778363    .0270385    .1396282
       1 |      19    .0526316    .0526316    .2294157   -.0579433    .1632064
---------+--------------------------------------------------------------------
Combined |     115    .0782609     .025155    .2697571    .0284291    .1280927
---------+--------------------------------------------------------------------
    diff |            .0307018    .0679721               -.1039633    .1653668
------------------------------------------------------------------------------
    diff = mean(0) - mean(1)                                      t =   0.4517
H0: diff = 0                                     Degrees of freedom =      113

    Ha: diff < 0                 Ha: diff != 0                 Ha: diff > 0
 Pr(T < t) = 0.6738         Pr(|T| > |t|) = 0.6524          Pr(T > t) = 0.3262

Variable hispanic is  balanced  in block 4



Testing the balancing property for variable re74 in block 4

Two-sample t test with equal variances
------------------------------------------------------------------------------
   Group |     Obs        Mean    Std. err.   Std. dev.   [95% conf. interval]
---------+--------------------------------------------------------------------
       0 |      96    3506.373    484.7447    4749.509    2544.033    4468.713
       1 |      19    2488.415    805.7496    3512.181     795.598    4181.232
---------+--------------------------------------------------------------------
Combined |     115    3338.189    426.2074    4570.565    2493.875    4182.502
---------+--------------------------------------------------------------------
    diff |            1017.958    1148.724               -1257.872    3293.788
------------------------------------------------------------------------------
    diff = mean(0) - mean(1)                                      t =   0.8862
H0: diff = 0                                     Degrees of freedom =      113

    Ha: diff < 0                 Ha: diff != 0                 Ha: diff > 0
 Pr(T < t) = 0.8113         Pr(|T| > |t|) = 0.3774          Pr(T > t) = 0.1887

Variable re74 is  balanced  in block 4



Testing the balancing property for variable re75 in block 4

Two-sample t test with equal variances
------------------------------------------------------------------------------
   Group |     Obs        Mean    Std. err.   Std. dev.   [95% conf. interval]
---------+--------------------------------------------------------------------
       0 |      96    2319.792    324.6957    3181.355    1675.189    2964.394
       1 |      19    2167.515    543.1579     2367.57    1026.383    3308.648
---------+--------------------------------------------------------------------
Combined |     115    2294.633    284.7191    3053.272    1730.607    2858.659
---------+--------------------------------------------------------------------
    diff |            152.2763    769.9102               -1373.055    1677.607
------------------------------------------------------------------------------
    diff = mean(0) - mean(1)                                      t =   0.1978
H0: diff = 0                                     Degrees of freedom =      113

    Ha: diff < 0                 Ha: diff != 0                 Ha: diff > 0
 Pr(T < t) = 0.5782         Pr(|T| > |t|) = 0.8436          Pr(T > t) = 0.4218

Variable re75 is  balanced  in block 4



Testing the balancing property for variable u74 in block 4

Two-sample t test with equal variances
------------------------------------------------------------------------------
   Group |     Obs        Mean    Std. err.   Std. dev.   [95% conf. interval]
---------+--------------------------------------------------------------------
       0 |      96        .375      .04967    .4866643    .2763927    .4736073
       1 |      19    .4736842    .1176878    .5129892    .2264313    .7209371
---------+--------------------------------------------------------------------
Combined |     115    .3913043    .0457093    .4901781    .3007545    .4818542
---------+--------------------------------------------------------------------
    diff |           -.0986842    .1232752               -.3429146    .1455462
------------------------------------------------------------------------------
    diff = mean(0) - mean(1)                                      t =  -0.8005
H0: diff = 0                                     Degrees of freedom =      113

    Ha: diff < 0                 Ha: diff != 0                 Ha: diff > 0
 Pr(T < t) = 0.2125         Pr(|T| > |t|) = 0.4251          Pr(T > t) = 0.7875

Variable u74 is  balanced  in block 4



Testing the balancing property for variable u75 in block 4

Two-sample t test with equal variances
------------------------------------------------------------------------------
   Group |     Obs        Mean    Std. err.   Std. dev.   [95% conf. interval]
---------+--------------------------------------------------------------------
       0 |      96    .3541667    .0490684    .4807706    .2567535    .4515798
       1 |      19    .3157895    .1095614    .4775669    .0856096    .5459694
---------+--------------------------------------------------------------------
Combined |     115    .3478261    .0446078    .4783649    .2594585    .4361937
---------+--------------------------------------------------------------------
    diff |            .0383772    .1205909               -.2005351    .2772895
------------------------------------------------------------------------------
    diff = mean(0) - mean(1)                                      t =   0.3182
H0: diff = 0                                     Degrees of freedom =      113

    Ha: diff < 0                 Ha: diff != 0                 Ha: diff > 0
 Pr(T < t) = 0.6246         Pr(|T| > |t|) = 0.7509          Pr(T > t) = 0.3754

Variable u75 is  balanced  in block 4



Testing the balancing property for variable educ_re74 in block 4

Two-sample t test with equal variances
------------------------------------------------------------------------------
   Group |     Obs        Mean    Std. err.   Std. dev.   [95% conf. interval]
---------+--------------------------------------------------------------------
       0 |      96    38292.36    5690.138    55751.74    26996.01    49588.71
       1 |      19    23039.06     7649.22    33342.18    6968.648    39109.48
---------+--------------------------------------------------------------------
Combined |     115    35772.25    4932.692    52897.22    26000.63    45543.87
---------+--------------------------------------------------------------------
    diff |             15253.3    13263.43               -11023.95    41530.54
------------------------------------------------------------------------------
    diff = mean(0) - mean(1)                                      t =   1.1500
H0: diff = 0                                     Degrees of freedom =      113

    Ha: diff < 0                 Ha: diff != 0                 Ha: diff > 0
 Pr(T < t) = 0.8737         Pr(|T| > |t|) = 0.2526          Pr(T > t) = 0.1263

Variable educ_re74 is  balanced  in block 4



Testing the balancing property for variable age3 in block 4

Two-sample t test with equal variances
------------------------------------------------------------------------------
   Group |     Obs        Mean    Std. err.   Std. dev.   [95% conf. interval]
---------+--------------------------------------------------------------------
       0 |      96    24437.85    2369.793    23219.13    19733.22    29142.49
       1 |      19    28495.95    7575.082    33019.02    12581.29     44410.6
---------+--------------------------------------------------------------------
Combined |     115    25108.32    2328.855    24974.19    20494.88    29721.77
---------+--------------------------------------------------------------------
    diff |           -4058.093    6286.978               -16513.73    8397.544
------------------------------------------------------------------------------
    diff = mean(0) - mean(1)                                      t =  -0.6455
H0: diff = 0                                     Degrees of freedom =      113

    Ha: diff < 0                 Ha: diff != 0                 Ha: diff > 0
 Pr(T < t) = 0.2600         Pr(|T| > |t|) = 0.5199          Pr(T > t) = 0.7400

Variable age3 is  balanced  in block 4



**************************************************** 
Testing the balancing property in block 5
**************************************************** 
 obs: 118,  control: 86,  treated: 32



Testing the balancing property for variable age in block 5

Two-sample t test with equal variances
------------------------------------------------------------------------------
   Group |     Obs        Mean    Std. err.   Std. dev.   [95% conf. interval]
---------+--------------------------------------------------------------------
       0 |      86    25.66279    .9761325     9.05228    23.72198     27.6036
       1 |      32     24.8125    1.300928    7.359162    22.15924    27.46576
---------+--------------------------------------------------------------------
Combined |     118     25.4322    .7920435    8.603794     23.8636     27.0008
---------+--------------------------------------------------------------------
    diff |            .8502907    1.787506               -2.690091    4.390672
------------------------------------------------------------------------------
    diff = mean(0) - mean(1)                                      t =   0.4757
H0: diff = 0                                     Degrees of freedom =      116

    Ha: diff < 0                 Ha: diff != 0                 Ha: diff > 0
 Pr(T < t) = 0.6824         Pr(|T| > |t|) = 0.6352          Pr(T > t) = 0.3176

Variable age is  balanced  in block 5



Testing the balancing property for variable age2 in block 5

Two-sample t test with equal variances
------------------------------------------------------------------------------
   Group |     Obs        Mean    Std. err.   Std. dev.   [95% conf. interval]
---------+--------------------------------------------------------------------
       0 |      86    739.5698    61.07479    566.3843    618.1367    861.0028
       1 |      32     668.125    76.46905    432.5743    512.1653    824.0847
---------+--------------------------------------------------------------------
Combined |     118    720.1949    49.02868    532.5878    623.0962    817.2937
---------+--------------------------------------------------------------------
    diff |            71.44477    110.5584                 -147.53    290.4196
------------------------------------------------------------------------------
    diff = mean(0) - mean(1)                                      t =   0.6462
H0: diff = 0                                     Degrees of freedom =      116

    Ha: diff < 0                 Ha: diff != 0                 Ha: diff > 0
 Pr(T < t) = 0.7403         Pr(|T| > |t|) = 0.5194          Pr(T > t) = 0.2597

Variable age2 is  balanced  in block 5



Testing the balancing property for variable education in block 5

Two-sample t test with equal variances
------------------------------------------------------------------------------
   Group |     Obs        Mean    Std. err.   Std. dev.   [95% conf. interval]
---------+--------------------------------------------------------------------
       0 |      86    10.24419    .2350516    2.179779     9.77684    10.71153
       1 |      32    10.90625    .2887661    1.633508    10.31731    11.49519
---------+--------------------------------------------------------------------
Combined |     118    10.42373     .189698    2.060648    10.04804    10.79942
---------+--------------------------------------------------------------------
    diff |            -.662064    .4241015                -1.50205    .1779224
------------------------------------------------------------------------------
    diff = mean(0) - mean(1)                                      t =  -1.5611
H0: diff = 0                                     Degrees of freedom =      116

    Ha: diff < 0                 Ha: diff != 0                 Ha: diff > 0
 Pr(T < t) = 0.0606         Pr(|T| > |t|) = 0.1212          Pr(T > t) = 0.9394

Variable education is  balanced  in block 5



Testing the balancing property for variable educ2 in block 5

Two-sample t test with equal variances
------------------------------------------------------------------------------
   Group |     Obs        Mean    Std. err.   Std. dev.   [95% conf. interval]
---------+--------------------------------------------------------------------
       0 |      86    109.6395    4.305721    39.92962    101.0786    118.2005
       1 |      32    121.5313    6.282494    35.53915     108.718    134.3445
---------+--------------------------------------------------------------------
Combined |     118    112.8644    3.590411    39.00184    105.7538     119.975
---------+--------------------------------------------------------------------
    diff |           -11.89172    8.035338               -27.80671    4.023285
------------------------------------------------------------------------------
    diff = mean(0) - mean(1)                                      t =  -1.4799
H0: diff = 0                                     Degrees of freedom =      116

    Ha: diff < 0                 Ha: diff != 0                 Ha: diff > 0
 Pr(T < t) = 0.0708         Pr(|T| > |t|) = 0.1416          Pr(T > t) = 0.9292

Variable educ2 is  balanced  in block 5



Testing the balancing property for variable married in block 5

Two-sample t test with equal variances
------------------------------------------------------------------------------
   Group |     Obs        Mean    Std. err.   Std. dev.   [95% conf. interval]
---------+--------------------------------------------------------------------
       0 |      86    .1860465    .0422086    .3914266    .1021245    .2699685
       1 |      32      .09375    .0523515    .2961446   -.0130215    .2005215
---------+--------------------------------------------------------------------
Combined |     118    .1610169    .0339797     .369114    .0937219     .228312
---------+--------------------------------------------------------------------
    diff |            .0922965    .0762813               -.0587881    .2433811
------------------------------------------------------------------------------
    diff = mean(0) - mean(1)                                      t =   1.2100
H0: diff = 0                                     Degrees of freedom =      116

    Ha: diff < 0                 Ha: diff != 0                 Ha: diff > 0
 Pr(T < t) = 0.8856         Pr(|T| > |t|) = 0.2288          Pr(T > t) = 0.1144

Variable married is  balanced  in block 5



Testing the balancing property for variable nodegree in block 5

Two-sample t test with equal variances
------------------------------------------------------------------------------
   Group |     Obs        Mean    Std. err.   Std. dev.   [95% conf. interval]
---------+--------------------------------------------------------------------
       0 |      86    .6395349     .052078    .4829515    .5359899    .7430799
       1 |      32       .5625    .0890983    .5040161    .3807828    .7442172
---------+--------------------------------------------------------------------
Combined |     118    .6186441    .0449048     .487791    .5297125    .7075757
---------+--------------------------------------------------------------------
    diff |            .0770349    .1011888               -.1233822     .277452
------------------------------------------------------------------------------
    diff = mean(0) - mean(1)                                      t =   0.7613
H0: diff = 0                                     Degrees of freedom =      116

    Ha: diff < 0                 Ha: diff != 0                 Ha: diff > 0
 Pr(T < t) = 0.7760         Pr(|T| > |t|) = 0.4480          Pr(T > t) = 0.2240

Variable nodegree is  balanced  in block 5



Testing the balancing property for variable black in block 5

Two-sample t test with equal variances
------------------------------------------------------------------------------
   Group |     Obs        Mean    Std. err.   Std. dev.   [95% conf. interval]
---------+--------------------------------------------------------------------
       0 |      86    .9651163    .0199018    .1845614    .9255462    1.004686
       1 |      32           1           0           0           1           1
---------+--------------------------------------------------------------------
Combined |     118    .9745763    .0145524    .1580795     .945756    1.003397
---------+--------------------------------------------------------------------
    diff |           -.0348837    .0327143               -.0996786    .0299112
------------------------------------------------------------------------------
    diff = mean(0) - mean(1)                                      t =  -1.0663
H0: diff = 0                                     Degrees of freedom =      116

    Ha: diff < 0                 Ha: diff != 0                 Ha: diff > 0
 Pr(T < t) = 0.1442         Pr(|T| > |t|) = 0.2885          Pr(T > t) = 0.8558

Variable black is  balanced  in block 5



Testing the balancing property for variable hispanic in block 5

Two-sample t test with equal variances
------------------------------------------------------------------------------
   Group |     Obs        Mean    Std. err.   Std. dev.   [95% conf. interval]
---------+--------------------------------------------------------------------
       0 |      86    .0232558    .0163473    .1515989    -.009247    .0557587
       1 |      32           0           0           0           0           0
---------+--------------------------------------------------------------------
Combined |     118    .0169492    .0119335    .1296314   -.0066846    .0405829
---------+--------------------------------------------------------------------
    diff |            .0232558    .0268716               -.0299667    .0764784
------------------------------------------------------------------------------
    diff = mean(0) - mean(1)                                      t =   0.8654
H0: diff = 0                                     Degrees of freedom =      116

    Ha: diff < 0                 Ha: diff != 0                 Ha: diff > 0
 Pr(T < t) = 0.8057         Pr(|T| > |t|) = 0.3886          Pr(T > t) = 0.1943

Variable hispanic is  balanced  in block 5



Testing the balancing property for variable re74 in block 5

Two-sample t test with equal variances
------------------------------------------------------------------------------
   Group |     Obs        Mean    Std. err.   Std. dev.   [95% conf. interval]
---------+--------------------------------------------------------------------
       0 |      86     2434.64    489.6084    4540.441    1461.167    3408.112
       1 |      32    4489.601    1143.111     6466.41    2158.212    6820.991
---------+--------------------------------------------------------------------
Combined |     118    2991.917    477.4398    5186.324    2046.373    3937.462
---------+--------------------------------------------------------------------
    diff |           -2054.962     1061.54               -4157.475    47.55139
------------------------------------------------------------------------------
    diff = mean(0) - mean(1)                                      t =  -1.9358
H0: diff = 0                                     Degrees of freedom =      116

    Ha: diff < 0                 Ha: diff != 0                 Ha: diff > 0
 Pr(T < t) = 0.0277         Pr(|T| > |t|) = 0.0553          Pr(T > t) = 0.9723

Variable re74 is  balanced  in block 5



Testing the balancing property for variable re75 in block 5

Two-sample t test with equal variances
------------------------------------------------------------------------------
   Group |     Obs        Mean    Std. err.   Std. dev.   [95% conf. interval]
---------+--------------------------------------------------------------------
       0 |      86    1150.282    231.1248    2143.364    690.7442     1609.82
       1 |      32    1617.428    377.9584    2138.056    846.5762    2388.279
---------+--------------------------------------------------------------------
Combined |     118    1276.966    197.2742    2142.947    886.2745    1667.657
---------+--------------------------------------------------------------------
    diff |           -467.1452    443.5324               -1345.617    411.3266
------------------------------------------------------------------------------
    diff = mean(0) - mean(1)                                      t =  -1.0532
H0: diff = 0                                     Degrees of freedom =      116

    Ha: diff < 0                 Ha: diff != 0                 Ha: diff > 0
 Pr(T < t) = 0.1472         Pr(|T| > |t|) = 0.2944          Pr(T > t) = 0.8528

Variable re75 is  balanced  in block 5



Testing the balancing property for variable u74 in block 5

Two-sample t test with equal variances
------------------------------------------------------------------------------
   Group |     Obs        Mean    Std. err.   Std. dev.   [95% conf. interval]
---------+--------------------------------------------------------------------
       0 |      86    .6046512    .0530314    .4917931    .4992105    .7100918
       1 |      32      .46875    .0896271    .5070073    .2859544    .6515456
---------+--------------------------------------------------------------------
Combined |     118    .5677966    .0457981    .4974948    .4770959    .6584974
---------+--------------------------------------------------------------------
    diff |            .1359012    .1026869               -.0674832    .3392855
------------------------------------------------------------------------------
    diff = mean(0) - mean(1)                                      t =   1.3235
H0: diff = 0                                     Degrees of freedom =      116

    Ha: diff < 0                 Ha: diff != 0                 Ha: diff > 0
 Pr(T < t) = 0.9059         Pr(|T| > |t|) = 0.1883          Pr(T > t) = 0.0941

Variable u74 is  balanced  in block 5



Testing the balancing property for variable u75 in block 5

Two-sample t test with equal variances
------------------------------------------------------------------------------
   Group |     Obs        Mean    Std. err.   Std. dev.   [95% conf. interval]
---------+--------------------------------------------------------------------
       0 |      86          .5    .0542326    .5029326     .392171     .607829
       1 |      32      .46875    .0896271    .5070073    .2859544    .6515456
---------+--------------------------------------------------------------------
Combined |     118    .4915254    .0462184    .5020601    .3999924    .5830585
---------+--------------------------------------------------------------------
    diff |              .03125    .1043683               -.1754646    .2379646
------------------------------------------------------------------------------
    diff = mean(0) - mean(1)                                      t =   0.2994
H0: diff = 0                                     Degrees of freedom =      116

    Ha: diff < 0                 Ha: diff != 0                 Ha: diff > 0
 Pr(T < t) = 0.6174         Pr(|T| > |t|) = 0.7652          Pr(T > t) = 0.3826

Variable u75 is  balanced  in block 5



Testing the balancing property for variable educ_re74 in block 5

Two-sample t test with equal variances
------------------------------------------------------------------------------
   Group |     Obs        Mean    Std. err.   Std. dev.   [95% conf. interval]
---------+--------------------------------------------------------------------
       0 |      86    25918.46    5318.979    49326.18     15342.9    36494.01
       1 |      32     49613.1    12590.99    71225.39    23933.61    75292.59
---------+--------------------------------------------------------------------
Combined |     118    32344.12    5226.783    56777.39    21992.75    42695.49
---------+--------------------------------------------------------------------
    diff |           -23694.64    11600.69               -46671.26   -718.0159
------------------------------------------------------------------------------
    diff = mean(0) - mean(1)                                      t =  -2.0425
H0: diff = 0                                     Degrees of freedom =      116

    Ha: diff < 0                 Ha: diff != 0                 Ha: diff > 0
 Pr(T < t) = 0.0217         Pr(|T| > |t|) = 0.0434          Pr(T > t) = 0.9783

Variable educ_re74 is  balanced  in block 5



Testing the balancing property for variable age3 in block 5

Two-sample t test with equal variances
------------------------------------------------------------------------------
   Group |     Obs        Mean    Std. err.   Std. dev.   [95% conf. interval]
---------+--------------------------------------------------------------------
       0 |      86    23946.48    3240.179    30048.18    17504.13    30388.82
       1 |      32     19631.5    3608.857    20414.78    12271.19    26991.81
---------+--------------------------------------------------------------------
Combined |     118    22776.31     2554.63    27750.39       17717    27835.62
---------+--------------------------------------------------------------------
    diff |            4314.977    5757.059               -7087.605    15717.56
------------------------------------------------------------------------------
    diff = mean(0) - mean(1)                                      t =   0.7495
H0: diff = 0                                     Degrees of freedom =      116

    Ha: diff < 0                 Ha: diff != 0                 Ha: diff > 0
 Pr(T < t) = 0.7725         Pr(|T| > |t|) = 0.4551          Pr(T > t) = 0.2275

Variable age3 is  balanced  in block 5



**************************************************** 
Testing the balancing property in block 6
**************************************************** 
 obs: 69,  control: 31,  treated: 38



Testing the balancing property for variable age in block 6

Two-sample t test with equal variances
------------------------------------------------------------------------------
   Group |     Obs        Mean    Std. err.   Std. dev.   [95% conf. interval]
---------+--------------------------------------------------------------------
       0 |      31     23.3871    1.075312    5.987083    21.19102    25.58318
       1 |      38    23.52632    1.007608     6.21131    21.48471    25.56792
---------+--------------------------------------------------------------------
Combined |      69    23.46377    .7304075    6.067221    22.00626    24.92127
---------+--------------------------------------------------------------------
    diff |            -.139219    1.479211               -3.091736    2.813298
------------------------------------------------------------------------------
    diff = mean(0) - mean(1)                                      t =  -0.0941
H0: diff = 0                                     Degrees of freedom =       67

    Ha: diff < 0                 Ha: diff != 0                 Ha: diff > 0
 Pr(T < t) = 0.4626         Pr(|T| > |t|) = 0.9253          Pr(T > t) = 0.5374

Variable age is  balanced  in block 6



Testing the balancing property for variable age2 in block 6

Two-sample t test with equal variances
------------------------------------------------------------------------------
   Group |     Obs        Mean    Std. err.   Std. dev.   [95% conf. interval]
---------+--------------------------------------------------------------------
       0 |      31    581.6452    54.91768    305.7687    469.4883     693.802
       1 |      38    591.0526    55.83856     344.212     477.913    704.1923
---------+--------------------------------------------------------------------
Combined |      69    586.8261     39.1463    325.1736    508.7109    664.9413
---------+--------------------------------------------------------------------
    diff |            -9.40747    79.27543               -167.6419     148.827
------------------------------------------------------------------------------
    diff = mean(0) - mean(1)                                      t =  -0.1187
H0: diff = 0                                     Degrees of freedom =       67

    Ha: diff < 0                 Ha: diff != 0                 Ha: diff > 0
 Pr(T < t) = 0.4529         Pr(|T| > |t|) = 0.9059          Pr(T > t) = 0.5471

Variable age2 is  balanced  in block 6



Testing the balancing property for variable education in block 6

Two-sample t test with equal variances
------------------------------------------------------------------------------
   Group |     Obs        Mean    Std. err.   Std. dev.   [95% conf. interval]
---------+--------------------------------------------------------------------
       0 |      31    10.16129    .3249376    1.809176    9.497679     10.8249
       1 |      38    10.28947    .2967532    1.829309    9.688195    10.89075
---------+--------------------------------------------------------------------
Combined |      69    10.23188    .2176611    1.808029    9.797548    10.66622
---------+--------------------------------------------------------------------
    diff |           -.1281834     .440555               -1.007535    .7511681
------------------------------------------------------------------------------
    diff = mean(0) - mean(1)                                      t =  -0.2910
H0: diff = 0                                     Degrees of freedom =       67

    Ha: diff < 0                 Ha: diff != 0                 Ha: diff > 0
 Pr(T < t) = 0.3860         Pr(|T| > |t|) = 0.7720          Pr(T > t) = 0.6140

Variable education is  balanced  in block 6



Testing the balancing property for variable educ2 in block 6

Two-sample t test with equal variances
------------------------------------------------------------------------------
   Group |     Obs        Mean    Std. err.   Std. dev.   [95% conf. interval]
---------+--------------------------------------------------------------------
       0 |      31    106.4194    6.344378      35.324    93.46241    119.3763
       1 |      38    109.1316    6.122176    37.73963    96.72687    121.5363
---------+--------------------------------------------------------------------
Combined |      69     107.913    4.385939    36.43235    99.16104     116.665
---------+--------------------------------------------------------------------
    diff |           -2.712224    8.876745               -20.43028    15.00583
------------------------------------------------------------------------------
    diff = mean(0) - mean(1)                                      t =  -0.3055
H0: diff = 0                                     Degrees of freedom =       67

    Ha: diff < 0                 Ha: diff != 0                 Ha: diff > 0
 Pr(T < t) = 0.3805         Pr(|T| > |t|) = 0.7609          Pr(T > t) = 0.6195

Variable educ2 is  balanced  in block 6



Testing the balancing property for variable married in block 6

Two-sample t test with equal variances
------------------------------------------------------------------------------
   Group |     Obs        Mean    Std. err.   Std. dev.   [95% conf. interval]
---------+--------------------------------------------------------------------
       0 |      31    .1290323    .0612054    .3407771    .0040342    .2540303
       1 |      38    .0789474    .0443313    .2732763   -.0108763    .1687711
---------+--------------------------------------------------------------------
Combined |      69    .1014493    .0366135    .3041346    .0283882    .1745104
---------+--------------------------------------------------------------------
    diff |            .0500849    .0739012               -.0974224    .1975922
------------------------------------------------------------------------------
    diff = mean(0) - mean(1)                                      t =   0.6777
H0: diff = 0                                     Degrees of freedom =       67

    Ha: diff < 0                 Ha: diff != 0                 Ha: diff > 0
 Pr(T < t) = 0.7499         Pr(|T| > |t|) = 0.5003          Pr(T > t) = 0.2501

Variable married is  balanced  in block 6



Testing the balancing property for variable nodegree in block 6

Two-sample t test with equal variances
------------------------------------------------------------------------------
   Group |     Obs        Mean    Std. err.   Std. dev.   [95% conf. interval]
---------+--------------------------------------------------------------------
       0 |      31    .7741935    .0763365    .4250237    .6182936    .9300935
       1 |      38    .7368421    .0723927    .4462583    .5901606    .8835236
---------+--------------------------------------------------------------------
Combined |      69    .7536232    .0522544    .4340574    .6493512    .8578952
---------+--------------------------------------------------------------------
    diff |            .0373514    .1057334               -.1736932    .2483961
------------------------------------------------------------------------------
    diff = mean(0) - mean(1)                                      t =   0.3533
H0: diff = 0                                     Degrees of freedom =       67

    Ha: diff < 0                 Ha: diff != 0                 Ha: diff > 0
 Pr(T < t) = 0.6375         Pr(|T| > |t|) = 0.7250          Pr(T > t) = 0.3625

Variable nodegree is  balanced  in block 6



Testing the balancing property for variable black in block 6

Two-sample t test with equal variances
------------------------------------------------------------------------------
   Group |     Obs        Mean    Std. err.   Std. dev.   [95% conf. interval]
---------+--------------------------------------------------------------------
       0 |      31           1           0           0           1           1
       1 |      38    .8947368    .0504528    .3110117    .7925098    .9969639
---------+--------------------------------------------------------------------
Combined |      69     .942029    .0283389    .2354007    .8854796    .9985784
---------+--------------------------------------------------------------------
    diff |            .1052632    .0559361               -.0063858    .2169121
------------------------------------------------------------------------------
    diff = mean(0) - mean(1)                                      t =   1.8818
H0: diff = 0                                     Degrees of freedom =       67

    Ha: diff < 0                 Ha: diff != 0                 Ha: diff > 0
 Pr(T < t) = 0.9679         Pr(|T| > |t|) = 0.0642          Pr(T > t) = 0.0321

Variable black is  balanced  in block 6



Testing the balancing property for variable hispanic in block 6

Two-sample t test with equal variances
------------------------------------------------------------------------------
   Group |     Obs        Mean    Std. err.   Std. dev.   [95% conf. interval]
---------+--------------------------------------------------------------------
       0 |      31           0           0           0           0           0
       1 |      38    .1052632    .0504528    .3110117    .0030361    .2074902
---------+--------------------------------------------------------------------
Combined |      69     .057971    .0283389    .2354007    .0014216    .1145204
---------+--------------------------------------------------------------------
    diff |           -.1052632    .0559361               -.2169121    .0063858
------------------------------------------------------------------------------
    diff = mean(0) - mean(1)                                      t =  -1.8818
H0: diff = 0                                     Degrees of freedom =       67

    Ha: diff < 0                 Ha: diff != 0                 Ha: diff > 0
 Pr(T < t) = 0.0321         Pr(|T| > |t|) = 0.0642          Pr(T > t) = 0.9679

Variable hispanic is  balanced  in block 6



Testing the balancing property for variable re74 in block 6

Two-sample t test with equal variances
------------------------------------------------------------------------------
   Group |     Obs        Mean    Std. err.   Std. dev.   [95% conf. interval]
---------+--------------------------------------------------------------------
       0 |      31    1057.814    504.3846    2808.295    27.72358    2087.905
       1 |      38    437.1892    267.3353    1647.965   -104.4836    978.8619
---------+--------------------------------------------------------------------
Combined |      69    716.0208    270.6343    2248.057    175.9785    1256.063
---------+--------------------------------------------------------------------
    diff |            620.6253    542.8513               -462.9104    1704.161
------------------------------------------------------------------------------
    diff = mean(0) - mean(1)                                      t =   1.1433
H0: diff = 0                                     Degrees of freedom =       67

    Ha: diff < 0                 Ha: diff != 0                 Ha: diff > 0
 Pr(T < t) = 0.8715         Pr(|T| > |t|) = 0.2570          Pr(T > t) = 0.1285

Variable re74 is  balanced  in block 6



Testing the balancing property for variable re75 in block 6

Two-sample t test with equal variances
------------------------------------------------------------------------------
   Group |     Obs        Mean    Std. err.   Std. dev.   [95% conf. interval]
---------+--------------------------------------------------------------------
       0 |      31    1041.794    467.4066     2602.41    87.22284    1996.366
       1 |      38    737.2227    253.8919    1565.095    222.7888    1251.657
---------+--------------------------------------------------------------------
Combined |      69    874.0593    250.9114    2084.227    373.3733    1374.745
---------+--------------------------------------------------------------------
    diff |            304.5717    506.8116               -707.0286    1316.172
------------------------------------------------------------------------------
    diff = mean(0) - mean(1)                                      t =   0.6010
H0: diff = 0                                     Degrees of freedom =       67

    Ha: diff < 0                 Ha: diff != 0                 Ha: diff > 0
 Pr(T < t) = 0.7251         Pr(|T| > |t|) = 0.5499          Pr(T > t) = 0.2749

Variable re75 is  balanced  in block 6



Testing the balancing property for variable u74 in block 6

Two-sample t test with equal variances
------------------------------------------------------------------------------
   Group |     Obs        Mean    Std. err.   Std. dev.   [95% conf. interval]
---------+--------------------------------------------------------------------
       0 |      31    .8064516    .0721312    .4016097      .65914    .9537632
       1 |      38    .8947368    .0504528    .3110117    .7925098    .9969639
---------+--------------------------------------------------------------------
Combined |      69    .8550725    .0426896    .3546068    .7698866    .9402583
---------+--------------------------------------------------------------------
    diff |           -.0882852    .0857848               -.2595123    .0829419
------------------------------------------------------------------------------
    diff = mean(0) - mean(1)                                      t =  -1.0291
H0: diff = 0                                     Degrees of freedom =       67

    Ha: diff < 0                 Ha: diff != 0                 Ha: diff > 0
 Pr(T < t) = 0.1536         Pr(|T| > |t|) = 0.3071          Pr(T > t) = 0.8464

Variable u74 is  balanced  in block 6



Testing the balancing property for variable u75 in block 6

Two-sample t test with equal variances
------------------------------------------------------------------------------
   Group |     Obs        Mean    Std. err.   Std. dev.   [95% conf. interval]
---------+--------------------------------------------------------------------
       0 |      31    .7096774    .0828725    .4614144    .5404293    .8789256
       1 |      38    .7105263    .0745579    .4596059    .5594576     .861595
---------+--------------------------------------------------------------------
Combined |      69    .7101449    .0550186    .4570188     .600357    .8199328
---------+--------------------------------------------------------------------
    diff |           -.0008489    .1114302               -.2232645    .2215667
------------------------------------------------------------------------------
    diff = mean(0) - mean(1)                                      t =  -0.0076
H0: diff = 0                                     Degrees of freedom =       67

    Ha: diff < 0                 Ha: diff != 0                 Ha: diff > 0
 Pr(T < t) = 0.4970         Pr(|T| > |t|) = 0.9939          Pr(T > t) = 0.5030

Variable u75 is  balanced  in block 6



Testing the balancing property for variable educ_re74 in block 6

Two-sample t test with equal variances
------------------------------------------------------------------------------
   Group |     Obs        Mean    Std. err.   Std. dev.   [95% conf. interval]
---------+--------------------------------------------------------------------
       0 |      31    9931.397     4721.72    26289.42     288.358    19574.44
       1 |      38    4189.056    2475.746    15261.52   -827.2823    9205.394
---------+--------------------------------------------------------------------
Combined |      69    6768.948    2525.015    20974.35    1730.359    11807.54
---------+--------------------------------------------------------------------
    diff |            5742.341    5065.615               -4368.668    15853.35
------------------------------------------------------------------------------
    diff = mean(0) - mean(1)                                      t =   1.1336
H0: diff = 0                                     Degrees of freedom =       67

    Ha: diff < 0                 Ha: diff != 0                 Ha: diff > 0
 Pr(T < t) = 0.8695         Pr(|T| > |t|) = 0.2610          Pr(T > t) = 0.1305

Variable educ_re74 is  balanced  in block 6



Testing the balancing property for variable age3 in block 6

Two-sample t test with equal variances
------------------------------------------------------------------------------
   Group |     Obs        Mean    Std. err.   Std. dev.   [95% conf. interval]
---------+--------------------------------------------------------------------
       0 |      31    15366.35    2190.455    12195.94    10892.85    19839.86
       1 |      38    15960.63    2512.226     15486.4    10870.38    21050.88
---------+--------------------------------------------------------------------
Combined |      69    15693.64    1686.281     14007.3    12328.72    19058.56
---------+--------------------------------------------------------------------
    diff |           -594.2767    3414.486                -7409.62    6221.066
------------------------------------------------------------------------------
    diff = mean(0) - mean(1)                                      t =  -0.1740
H0: diff = 0                                     Degrees of freedom =       67

    Ha: diff < 0                 Ha: diff != 0                 Ha: diff > 0
 Pr(T < t) = 0.4312         Pr(|T| > |t|) = 0.8624          Pr(T > t) = 0.5688

Variable age3 is  balanced  in block 6



**************************************************** 
Testing the balancing property in block 7
**************************************************** 
 obs: 29,  control: 9,  treated: 20



Testing the balancing property for variable age in block 7

Two-sample t test with equal variances
------------------------------------------------------------------------------
   Group |     Obs        Mean    Std. err.   Std. dev.   [95% conf. interval]
---------+--------------------------------------------------------------------
       0 |       9    25.77778    1.596679    4.790036    22.09583    29.45973
       1 |      20       25.75    1.116562    4.993417    23.41301    28.08699
---------+--------------------------------------------------------------------
Combined |      29    25.75862    .8997197    4.845139    23.91563    27.60161
---------+--------------------------------------------------------------------
    diff |            .0277778    1.980453               -4.035776    4.091331
------------------------------------------------------------------------------
    diff = mean(0) - mean(1)                                      t =   0.0140
H0: diff = 0                                     Degrees of freedom =       27

    Ha: diff < 0                 Ha: diff != 0                 Ha: diff > 0
 Pr(T < t) = 0.5055         Pr(|T| > |t|) = 0.9889          Pr(T > t) = 0.4945

Variable age is  balanced  in block 7



Testing the balancing property for variable age2 in block 7

Two-sample t test with equal variances
------------------------------------------------------------------------------
   Group |     Obs        Mean    Std. err.   Std. dev.   [95% conf. interval]
---------+--------------------------------------------------------------------
       0 |       9    684.8889    78.91459    236.7438    502.9115    866.8663
       1 |      20      686.75    60.08415    268.7045    560.9924    812.5076
---------+--------------------------------------------------------------------
Combined |      29    686.1724    47.34636    254.9679    589.1878     783.157
---------+--------------------------------------------------------------------
    diff |           -1.861111     104.218               -215.6989    211.9766
------------------------------------------------------------------------------
    diff = mean(0) - mean(1)                                      t =  -0.0179
H0: diff = 0                                     Degrees of freedom =       27

    Ha: diff < 0                 Ha: diff != 0                 Ha: diff > 0
 Pr(T < t) = 0.4929         Pr(|T| > |t|) = 0.9859          Pr(T > t) = 0.5071

Variable age2 is  balanced  in block 7



Testing the balancing property for variable education in block 7

Two-sample t test with equal variances
------------------------------------------------------------------------------
   Group |     Obs        Mean    Std. err.   Std. dev.   [95% conf. interval]
---------+--------------------------------------------------------------------
       0 |       9    10.66667    .5773503    1.732051    9.335295    11.99804
       1 |      20       10.85    .2325488     1.03999    10.36327    11.33673
---------+--------------------------------------------------------------------
Combined |      29     10.7931    .2347796    1.264327    10.31218    11.27403
---------+--------------------------------------------------------------------
    diff |           -.1833333    .5155903               -1.241237    .8745705
------------------------------------------------------------------------------
    diff = mean(0) - mean(1)                                      t =  -0.3556
H0: diff = 0                                     Degrees of freedom =       27

    Ha: diff < 0                 Ha: diff != 0                 Ha: diff > 0
 Pr(T < t) = 0.3625         Pr(|T| > |t|) = 0.7249          Pr(T > t) = 0.6375

Variable education is  balanced  in block 7



Testing the balancing property for variable educ2 in block 7

Two-sample t test with equal variances
------------------------------------------------------------------------------
   Group |     Obs        Mean    Std. err.   Std. dev.   [95% conf. interval]
---------+--------------------------------------------------------------------
       0 |       9    116.4444    12.13021    36.39063    88.47213    144.4168
       1 |      20      118.75    4.919283     21.9997    108.4538    129.0462
---------+--------------------------------------------------------------------
Combined |      29    118.0345    4.940903    26.60758    107.9135    128.1555
---------+--------------------------------------------------------------------
    diff |           -2.305556    10.86684               -24.60248    19.99137
------------------------------------------------------------------------------
    diff = mean(0) - mean(1)                                      t =  -0.2122
H0: diff = 0                                     Degrees of freedom =       27

    Ha: diff < 0                 Ha: diff != 0                 Ha: diff > 0
 Pr(T < t) = 0.4168         Pr(|T| > |t|) = 0.8336          Pr(T > t) = 0.5832

Variable educ2 is  balanced  in block 7



Testing the balancing property for variable married in block 7

Two-sample t test with equal variances
------------------------------------------------------------------------------
   Group |     Obs        Mean    Std. err.   Std. dev.   [95% conf. interval]
---------+--------------------------------------------------------------------
       0 |       9    .1111111    .1111111    .3333333   -.1451116    .3673338
       1 |      20          .4    .1123903    .5026247    .1647644    .6352356
---------+--------------------------------------------------------------------
Combined |      29    .3103448    .0874298    .4708236    .1312531    .4894366
---------+--------------------------------------------------------------------
    diff |           -.2888889    .1842445               -.6669274    .0891496
------------------------------------------------------------------------------
    diff = mean(0) - mean(1)                                      t =  -1.5680
H0: diff = 0                                     Degrees of freedom =       27

    Ha: diff < 0                 Ha: diff != 0                 Ha: diff > 0
 Pr(T < t) = 0.0643         Pr(|T| > |t|) = 0.1285          Pr(T > t) = 0.9357

Variable married is  balanced  in block 7



Testing the balancing property for variable nodegree in block 7

Two-sample t test with equal variances
------------------------------------------------------------------------------
   Group |     Obs        Mean    Std. err.   Std. dev.   [95% conf. interval]
---------+--------------------------------------------------------------------
       0 |       9    .5555556    .1756821    .5270463    .1504319    .9606792
       1 |      20          .7    .1051315    .4701623    .4799572    .9200428
---------+--------------------------------------------------------------------
Combined |      29    .6551724    .0898255    .4837253    .4711732    .8391717
---------+--------------------------------------------------------------------
    diff |           -.1444444    .1957598               -.5461104    .2572215
------------------------------------------------------------------------------
    diff = mean(0) - mean(1)                                      t =  -0.7379
H0: diff = 0                                     Degrees of freedom =       27

    Ha: diff < 0                 Ha: diff != 0                 Ha: diff > 0
 Pr(T < t) = 0.2335         Pr(|T| > |t|) = 0.4670          Pr(T > t) = 0.7665

Variable nodegree is  balanced  in block 7



Testing the balancing property for variable black in block 7

Two-sample t test with equal variances
------------------------------------------------------------------------------
   Group |     Obs        Mean    Std. err.   Std. dev.   [95% conf. interval]
---------+--------------------------------------------------------------------
       0 |       9           1           0           0           1           1
       1 |      20           1           0           0           1           1
---------+--------------------------------------------------------------------
Combined |      29           1           0           0           1           1
---------+--------------------------------------------------------------------
    diff |                   0           0                       0           0
------------------------------------------------------------------------------
    diff = mean(0) - mean(1)                                      t =        .
H0: diff = 0                                     Degrees of freedom =       27

    Ha: diff < 0                 Ha: diff != 0                 Ha: diff > 0
 Pr(T < t) =      .         Pr(|T| > |t|) =      .          Pr(T > t) =      .

Variable black is  balanced  in block 7



Testing the balancing property for variable hispanic in block 7

Two-sample t test with equal variances
------------------------------------------------------------------------------
   Group |     Obs        Mean    Std. err.   Std. dev.   [95% conf. interval]
---------+--------------------------------------------------------------------
       0 |       9           0           0           0           0           0
       1 |      20           0           0           0           0           0
---------+--------------------------------------------------------------------
Combined |      29           0           0           0           0           0
---------+--------------------------------------------------------------------
    diff |                   0           0                       0           0
------------------------------------------------------------------------------
    diff = mean(0) - mean(1)                                      t =        .
H0: diff = 0                                     Degrees of freedom =       27

    Ha: diff < 0                 Ha: diff != 0                 Ha: diff > 0
 Pr(T < t) =      .         Pr(|T| > |t|) =      .          Pr(T > t) =      .

Variable hispanic is  balanced  in block 7



Testing the balancing property for variable re74 in block 7

Two-sample t test with equal variances
------------------------------------------------------------------------------
   Group |     Obs        Mean    Std. err.   Std. dev.   [95% conf. interval]
---------+--------------------------------------------------------------------
       0 |       9    355.4981    355.4981    1066.494    -464.282    1175.278
       1 |      20           0           0           0           0           0
---------+--------------------------------------------------------------------
Combined |      29     110.327     110.327    594.1291   -115.6676    336.3216
---------+--------------------------------------------------------------------
    diff |            355.4981    233.0153               -122.6098     833.606
------------------------------------------------------------------------------
    diff = mean(0) - mean(1)                                      t =   1.5256
H0: diff = 0                                     Degrees of freedom =       27

    Ha: diff < 0                 Ha: diff != 0                 Ha: diff > 0
 Pr(T < t) = 0.9306         Pr(|T| > |t|) = 0.1387          Pr(T > t) = 0.0694

Variable re74 is  balanced  in block 7



Testing the balancing property for variable re75 in block 7

Two-sample t test with equal variances
------------------------------------------------------------------------------
   Group |     Obs        Mean    Std. err.   Std. dev.   [95% conf. interval]
---------+--------------------------------------------------------------------
       0 |       9    322.2581    213.1539    639.4617   -169.2757    813.7919
       1 |      20    105.9314    61.46135    274.8635   -22.70871    234.5715
---------+--------------------------------------------------------------------
Combined |      29    173.0673    78.44867     422.459    12.37244    333.7621
---------+--------------------------------------------------------------------
    diff |            216.3267    167.5872               -127.5339    560.1874
------------------------------------------------------------------------------
    diff = mean(0) - mean(1)                                      t =   1.2908
H0: diff = 0                                     Degrees of freedom =       27

    Ha: diff < 0                 Ha: diff != 0                 Ha: diff > 0
 Pr(T < t) = 0.8961         Pr(|T| > |t|) = 0.2077          Pr(T > t) = 0.1039

Variable re75 is  balanced  in block 7



Testing the balancing property for variable u74 in block 7

Two-sample t test with equal variances
------------------------------------------------------------------------------
   Group |     Obs        Mean    Std. err.   Std. dev.   [95% conf. interval]
---------+--------------------------------------------------------------------
       0 |       9    .8888889    .1111111    .3333333    .6326662    1.145112
       1 |      20           1           0           0           1           1
---------+--------------------------------------------------------------------
Combined |      29    .9655172    .0344828    .1856953    .8948825    1.036152
---------+--------------------------------------------------------------------
    diff |           -.1111111     .072829                -.260544    .0383217
------------------------------------------------------------------------------
    diff = mean(0) - mean(1)                                      t =  -1.5256
H0: diff = 0                                     Degrees of freedom =       27

    Ha: diff < 0                 Ha: diff != 0                 Ha: diff > 0
 Pr(T < t) = 0.0694         Pr(|T| > |t|) = 0.1387          Pr(T > t) = 0.9306

Variable u74 is  balanced  in block 7



Testing the balancing property for variable u75 in block 7

Two-sample t test with equal variances
------------------------------------------------------------------------------
   Group |     Obs        Mean    Std. err.   Std. dev.   [95% conf. interval]
---------+--------------------------------------------------------------------
       0 |       9    .7777778    .1469862    .4409586     .438827    1.116729
       1 |      20         .85    .0819178    .3663475    .6785441    1.021456
---------+--------------------------------------------------------------------
Combined |      29    .8275862    .0713861    .3844259    .6813584     .973814
---------+--------------------------------------------------------------------
    diff |           -.0722222    .1565189               -.3933725    .2489281
------------------------------------------------------------------------------
    diff = mean(0) - mean(1)                                      t =  -0.4614
H0: diff = 0                                     Degrees of freedom =       27

    Ha: diff < 0                 Ha: diff != 0                 Ha: diff > 0
 Pr(T < t) = 0.3241         Pr(|T| > |t|) = 0.6482          Pr(T > t) = 0.6759

Variable u75 is  balanced  in block 7



Testing the balancing property for variable educ_re74 in block 7

Two-sample t test with equal variances
------------------------------------------------------------------------------
   Group |     Obs        Mean    Std. err.   Std. dev.   [95% conf. interval]
---------+--------------------------------------------------------------------
       0 |       9    2843.985    2843.985    8531.954   -3714.256    9402.226
       1 |      20           0           0           0           0           0
---------+--------------------------------------------------------------------
Combined |      29     882.616     882.616    4753.032   -925.3409    2690.573
---------+--------------------------------------------------------------------
    diff |            2843.985    1864.122               -980.8781    6668.848
------------------------------------------------------------------------------
    diff = mean(0) - mean(1)                                      t =   1.5256
H0: diff = 0                                     Degrees of freedom =       27

    Ha: diff < 0                 Ha: diff != 0                 Ha: diff > 0
 Pr(T < t) = 0.9306         Pr(|T| > |t|) = 0.1387          Pr(T > t) = 0.0694

Variable educ_re74 is  balanced  in block 7



Testing the balancing property for variable age3 in block 7

Two-sample t test with equal variances
------------------------------------------------------------------------------
   Group |     Obs        Mean    Std. err.   Std. dev.   [95% conf. interval]
---------+--------------------------------------------------------------------
       0 |       9    18661.78    2975.933    8927.799    11799.26    25524.29
       1 |      20    18948.55     2543.62    11375.41    13624.69    24272.41
---------+--------------------------------------------------------------------
Combined |      29    18859.55    1952.879    10516.58    14859.26    22859.84
---------+--------------------------------------------------------------------
    diff |           -286.7722    4298.318               -9106.192    8532.647
------------------------------------------------------------------------------
    diff = mean(0) - mean(1)                                      t =  -0.0667
H0: diff = 0                                     Degrees of freedom =       27

    Ha: diff < 0                 Ha: diff != 0                 Ha: diff > 0
 Pr(T < t) = 0.4736         Pr(|T| > |t|) = 0.9473          Pr(T > t) = 0.5264

Variable age3 is  balanced  in block 7



**************************************************** 
Testing the balancing property in block 8
**************************************************** 
 obs: 44,  control: 8,  treated: 36



Testing the balancing property for variable age in block 8

Two-sample t test with equal variances
------------------------------------------------------------------------------
   Group |     Obs        Mean    Std. err.   Std. dev.   [95% conf. interval]
---------+--------------------------------------------------------------------
       0 |       8       29.25    2.015564    5.700877    24.48395    34.01605
       1 |      36    26.83333    .5969499      3.5817    25.62146    28.04521
---------+--------------------------------------------------------------------
Combined |      44    27.27273    .6146241    4.076955    26.03322    28.51223
---------+--------------------------------------------------------------------
    diff |            2.416667    1.568698               -.7490941    5.582427
------------------------------------------------------------------------------
    diff = mean(0) - mean(1)                                      t =   1.5406
H0: diff = 0                                     Degrees of freedom =       42

    Ha: diff < 0                 Ha: diff != 0                 Ha: diff > 0
 Pr(T < t) = 0.9345         Pr(|T| > |t|) = 0.1309          Pr(T > t) = 0.0655

Variable age is  balanced  in block 8



Testing the balancing property for variable age2 in block 8

Two-sample t test with equal variances
------------------------------------------------------------------------------
   Group |     Obs        Mean    Std. err.   Std. dev.   [95% conf. interval]
---------+--------------------------------------------------------------------
       0 |       8         884     118.539     335.279    603.6998      1164.3
       1 |      36       732.5    34.06992    204.4195    663.3344    801.6656
---------+--------------------------------------------------------------------
Combined |      44    760.0455    35.61357    236.2337    688.2238    831.8671
---------+--------------------------------------------------------------------
    diff |               151.5    90.45712               -31.04986    334.0499
------------------------------------------------------------------------------
    diff = mean(0) - mean(1)                                      t =   1.6748
H0: diff = 0                                     Degrees of freedom =       42

    Ha: diff < 0                 Ha: diff != 0                 Ha: diff > 0
 Pr(T < t) = 0.9493         Pr(|T| > |t|) = 0.1014          Pr(T > t) = 0.0507

Variable age2 is  balanced  in block 8



Testing the balancing property for variable education in block 8

Two-sample t test with equal variances
------------------------------------------------------------------------------
   Group |     Obs        Mean    Std. err.   Std. dev.   [95% conf. interval]
---------+--------------------------------------------------------------------
       0 |       8       9.875    .3503824    .9910312    9.046477    10.70352
       1 |      36         9.5    .3047247    1.828348    8.881376    10.11862
---------+--------------------------------------------------------------------
Combined |      44    9.568182    .2568259     1.70359    9.050243    10.08612
---------+--------------------------------------------------------------------
    diff |                .375    .6712701               -.9796778    1.729678
------------------------------------------------------------------------------
    diff = mean(0) - mean(1)                                      t =   0.5586
H0: diff = 0                                     Degrees of freedom =       42

    Ha: diff < 0                 Ha: diff != 0                 Ha: diff > 0
 Pr(T < t) = 0.7103         Pr(|T| > |t|) = 0.5794          Pr(T > t) = 0.2897

Variable education is  balanced  in block 8



Testing the balancing property for variable educ2 in block 8

Two-sample t test with equal variances
------------------------------------------------------------------------------
   Group |     Obs        Mean    Std. err.   Std. dev.   [95% conf. interval]
---------+--------------------------------------------------------------------
       0 |       8      98.375    6.705375    18.96566    82.51931    114.2307
       1 |      36        93.5    5.008326    30.04996    83.33256    103.6674
---------+--------------------------------------------------------------------
Combined |      44    94.38636    4.256473    28.23425    85.80237    102.9704
---------+--------------------------------------------------------------------
    diff |               4.875     11.1411               -17.60866    27.35866
------------------------------------------------------------------------------
    diff = mean(0) - mean(1)                                      t =   0.4376
H0: diff = 0                                     Degrees of freedom =       42

    Ha: diff < 0                 Ha: diff != 0                 Ha: diff > 0
 Pr(T < t) = 0.6680         Pr(|T| > |t|) = 0.6639          Pr(T > t) = 0.3320

Variable educ2 is  balanced  in block 8



Testing the balancing property for variable married in block 8

Two-sample t test with equal variances
------------------------------------------------------------------------------
   Group |     Obs        Mean    Std. err.   Std. dev.   [95% conf. interval]
---------+--------------------------------------------------------------------
       0 |       8           0           0           0           0           0
       1 |      36           0           0           0           0           0
---------+--------------------------------------------------------------------
Combined |      44           0           0           0           0           0
---------+--------------------------------------------------------------------
    diff |                   0           0                       0           0
------------------------------------------------------------------------------
    diff = mean(0) - mean(1)                                      t =        .
H0: diff = 0                                     Degrees of freedom =       42

    Ha: diff < 0                 Ha: diff != 0                 Ha: diff > 0
 Pr(T < t) =      .         Pr(|T| > |t|) =      .          Pr(T > t) =      .

Variable married is  balanced  in block 8



Testing the balancing property for variable nodegree in block 8

Two-sample t test with equal variances
------------------------------------------------------------------------------
   Group |     Obs        Mean    Std. err.   Std. dev.   [95% conf. interval]
---------+--------------------------------------------------------------------
       0 |       8           1           0           0           1           1
       1 |      36           1           0           0           1           1
---------+--------------------------------------------------------------------
Combined |      44           1           0           0           1           1
---------+--------------------------------------------------------------------
    diff |                   0           0                       0           0
------------------------------------------------------------------------------
    diff = mean(0) - mean(1)                                      t =        .
H0: diff = 0                                     Degrees of freedom =       42

    Ha: diff < 0                 Ha: diff != 0                 Ha: diff > 0
 Pr(T < t) =      .         Pr(|T| > |t|) =      .          Pr(T > t) =      .

Variable nodegree is  balanced  in block 8



Testing the balancing property for variable black in block 8

Two-sample t test with equal variances
------------------------------------------------------------------------------
   Group |     Obs        Mean    Std. err.   Std. dev.   [95% conf. interval]
---------+--------------------------------------------------------------------
       0 |       8           1           0           0           1           1
       1 |      36           1           0           0           1           1
---------+--------------------------------------------------------------------
Combined |      44           1           0           0           1           1
---------+--------------------------------------------------------------------
    diff |                   0           0                       0           0
------------------------------------------------------------------------------
    diff = mean(0) - mean(1)                                      t =        .
H0: diff = 0                                     Degrees of freedom =       42

    Ha: diff < 0                 Ha: diff != 0                 Ha: diff > 0
 Pr(T < t) =      .         Pr(|T| > |t|) =      .          Pr(T > t) =      .

Variable black is  balanced  in block 8



Testing the balancing property for variable hispanic in block 8

Two-sample t test with equal variances
------------------------------------------------------------------------------
   Group |     Obs        Mean    Std. err.   Std. dev.   [95% conf. interval]
---------+--------------------------------------------------------------------
       0 |       8           0           0           0           0           0
       1 |      36           0           0           0           0           0
---------+--------------------------------------------------------------------
Combined |      44           0           0           0           0           0
---------+--------------------------------------------------------------------
    diff |                   0           0                       0           0
------------------------------------------------------------------------------
    diff = mean(0) - mean(1)                                      t =        .
H0: diff = 0                                     Degrees of freedom =       42

    Ha: diff < 0                 Ha: diff != 0                 Ha: diff > 0
 Pr(T < t) =      .         Pr(|T| > |t|) =      .          Pr(T > t) =      .

Variable hispanic is  balanced  in block 8



Testing the balancing property for variable re74 in block 8

Two-sample t test with equal variances
------------------------------------------------------------------------------
   Group |     Obs        Mean    Std. err.   Std. dev.   [95% conf. interval]
---------+--------------------------------------------------------------------
       0 |       8           0           0           0           0           0
       1 |      36           0           0           0           0           0
---------+--------------------------------------------------------------------
Combined |      44           0           0           0           0           0
---------+--------------------------------------------------------------------
    diff |                   0           0                       0           0
------------------------------------------------------------------------------
    diff = mean(0) - mean(1)                                      t =        .
H0: diff = 0                                     Degrees of freedom =       42

    Ha: diff < 0                 Ha: diff != 0                 Ha: diff > 0
 Pr(T < t) =      .         Pr(|T| > |t|) =      .          Pr(T > t) =      .

Variable re74 is  balanced  in block 8



Testing the balancing property for variable re75 in block 8

Two-sample t test with equal variances
------------------------------------------------------------------------------
   Group |     Obs        Mean    Std. err.   Std. dev.   [95% conf. interval]
---------+--------------------------------------------------------------------
       0 |       8    163.1431    150.0478    424.3992   -191.6634    517.9497
       1 |      36    283.8373    151.7892    910.7354   -24.31124    591.9858
---------+--------------------------------------------------------------------
Combined |      44    261.8929    126.7301    840.6326    6.317231    517.4686
---------+--------------------------------------------------------------------
    diff |           -120.6941     331.943               -790.5821    549.1939
------------------------------------------------------------------------------
    diff = mean(0) - mean(1)                                      t =  -0.3636
H0: diff = 0                                     Degrees of freedom =       42

    Ha: diff < 0                 Ha: diff != 0                 Ha: diff > 0
 Pr(T < t) = 0.3590         Pr(|T| > |t|) = 0.7180          Pr(T > t) = 0.6410

Variable re75 is  balanced  in block 8



Testing the balancing property for variable u74 in block 8

Two-sample t test with equal variances
------------------------------------------------------------------------------
   Group |     Obs        Mean    Std. err.   Std. dev.   [95% conf. interval]
---------+--------------------------------------------------------------------
       0 |       8           1           0           0           1           1
       1 |      36           1           0           0           1           1
---------+--------------------------------------------------------------------
Combined |      44           1           0           0           1           1
---------+--------------------------------------------------------------------
    diff |                   0           0                       0           0
------------------------------------------------------------------------------
    diff = mean(0) - mean(1)                                      t =        .
H0: diff = 0                                     Degrees of freedom =       42

    Ha: diff < 0                 Ha: diff != 0                 Ha: diff > 0
 Pr(T < t) =      .         Pr(|T| > |t|) =      .          Pr(T > t) =      .

Variable u74 is  balanced  in block 8



Testing the balancing property for variable u75 in block 8

Two-sample t test with equal variances
------------------------------------------------------------------------------
   Group |     Obs        Mean    Std. err.   Std. dev.   [95% conf. interval]
---------+--------------------------------------------------------------------
       0 |       8         .75    .1636634      .46291    .3629975    1.137002
       1 |      36    .8888889    .0531213    .3187276     .781047    .9967308
---------+--------------------------------------------------------------------
Combined |      44    .8636364    .0523336    .3471418    .7580956    .9691771
---------+--------------------------------------------------------------------
    diff |           -.1388889    .1356094               -.4125598     .134782
------------------------------------------------------------------------------
    diff = mean(0) - mean(1)                                      t =  -1.0242
H0: diff = 0                                     Degrees of freedom =       42

    Ha: diff < 0                 Ha: diff != 0                 Ha: diff > 0
 Pr(T < t) = 0.1558         Pr(|T| > |t|) = 0.3116          Pr(T > t) = 0.8442

Variable u75 is  balanced  in block 8



Testing the balancing property for variable educ_re74 in block 8

Two-sample t test with equal variances
------------------------------------------------------------------------------
   Group |     Obs        Mean    Std. err.   Std. dev.   [95% conf. interval]
---------+--------------------------------------------------------------------
       0 |       8           0           0           0           0           0
       1 |      36           0           0           0           0           0
---------+--------------------------------------------------------------------
Combined |      44           0           0           0           0           0
---------+--------------------------------------------------------------------
    diff |                   0           0                       0           0
------------------------------------------------------------------------------
    diff = mean(0) - mean(1)                                      t =        .
H0: diff = 0                                     Degrees of freedom =       42

    Ha: diff < 0                 Ha: diff != 0                 Ha: diff > 0
 Pr(T < t) =      .         Pr(|T| > |t|) =      .          Pr(T > t) =      .

Variable educ_re74 is  balanced  in block 8



Testing the balancing property for variable age3 in block 8

Two-sample t test with equal variances
------------------------------------------------------------------------------
   Group |     Obs        Mean    Std. err.   Std. dev.   [95% conf. interval]
---------+--------------------------------------------------------------------
       0 |       8     27526.5    5329.404    15073.83    14924.46    40128.54
       1 |      36    20364.67    1491.978    8951.867    17335.79    23393.54
---------+--------------------------------------------------------------------
Combined |      44    21666.82    1581.311    10489.23     18477.8    24855.84
---------+--------------------------------------------------------------------
    diff |            7161.833    3998.524               -907.5147    15231.18
------------------------------------------------------------------------------
    diff = mean(0) - mean(1)                                      t =   1.7911
H0: diff = 0                                     Degrees of freedom =       42

    Ha: diff < 0                 Ha: diff != 0                 Ha: diff > 0
 Pr(T < t) = 0.9598         Pr(|T| > |t|) = 0.0805          Pr(T > t) = 0.0402

Variable age3 is  balanced  in block 8

The balancing property is not satisfied 

Try a different specification of the propensity score 

  Inferior |
  of block |         treat
of pscore  |         0          1 |     Total
-----------+----------------------+----------
         0 |     3,214         18 |     3,232 
      .025 |       240          8 |       248 
       .05 |       172         14 |       186 
        .1 |        96         19 |       115 
        .2 |        86         32 |       118 
        .4 |        31         38 |        69 
        .6 |         9         20 |        29 
        .8 |         8         36 |        44 
-----------+----------------------+----------
     Total |     3,856        185 |     4,041 
Note: the common support option has been selected


******************************************* 
End of the algorithm to estimate the pscore 
******************************************* 

. * treat ~ $X 로 propensity score를 다시 추정하면서(logit 옵션 = DW와 동일한
. * 모형), covariate가 balance될 때까지 반복해서 구간을 나눈다.
. *   pscore(ps2)  : 새로 추정된 propensity score를 ps2라는 변수로 저장
. *   blockid(pblock): balancing test를 통과한 최종 구간 번호를 pblock에 저장
. *   comsup       : common support 밖의 관측치는 이후 계산에서 자동 제외
. *   detail       : 각 구간에서 balance가 맞는지 확인하는 과정을 화면에 출력
. *
. * 실행 결과 화면에 "The final number of blocks is ..."라는 메시지가 뜨고,
. * 각 covariate별로 balancing test를 통과했는지 나온다 — 이 출력 자체가
. * Step 8(Balance audit)에서 "어떤 covariate 때문에 score를 다시 추정해야
. * 했는지" 서술할 때 바로 쓸 수 있는 자료다.
. 
. describe

Contains data from merged.dta
 Observations:        16,177                  
    Variables:            22                  28 Sep 2026 00:47
-------------------------------------------------------------------------------------------------------------------
Variable      Storage   Display    Value
    name         type    format    label      Variable label
-------------------------------------------------------------------------------------------------------------------
data_id         str20   %20s                  
treat           float   %9.0g                 
age             float   %9.0g                 
education       float   %9.0g                 
black           float   %9.0g                 
hispanic        float   %9.0g                 
married         float   %9.0g                 
nodegree        float   %9.0g                 
re74            float   %9.0g                 
re75            float   %9.0g                 
re78            float   %9.0g                 
age2            float   %9.0g                 
educ2           float   %9.0g                 
u74             float   %9.0g                 
u75             float   %9.0g                 
age3            float   %9.0g                 
educ_re74       float   %9.0g                 
id              long    %12.0g                
ps              double  %10.0g                e-hat = Pr(treat=1 | X)
ps2             double  %10.0g                Estimated propensity score
pblock          float   %9.0g                 Number of block
comsup          float   %9.0g                 Dummy for obs. in common support
-------------------------------------------------------------------------------------------------------------------
Sorted by: 
     Note: Dataset has changed since last saved.

. * pscore 실행 후 어떤 새 변수들이 생겼는지 확인 (버전에 따라 common-support
. * 표시 변수 이름이 다를 수 있으니, 여기서 눈으로 확인하고 아래 count에서
. * 그 이름을 맞춰 쓴다. 기존에 Step 4에서 만든 ps, Step 5의 min/max 방식
. * common-support 결과와 비교해봐도 좋다).
. 
. * --- Column (3): Quadratic in score ---
. * 논문 각주 (b): "Least squares regression of RE78 on a quadratic in the
. * estimated propensity score and a treatment indicator, for observations
. * used under stratification." — 즉 covariate 전체가 아니라 score와 그
. * 제곱항만 통제하고, common support 안의 관측치만 사용한다.
. gen double ps2sq = ps2^2

. regress re78 treat ps2 ps2sq if comsup==1

      Source |       SS           df       MS      Number of obs   =     4,041
-------------+----------------------------------   F(3, 4037)      =     23.42
       Model |  4.3559e+09         3  1.4520e+09   Prob > F        =    0.0000
    Residual |  2.5024e+11     4,037  61985745.2   R-squared       =    0.0171
-------------+----------------------------------   Adj R-squared   =    0.0164
       Total |  2.5459e+11     4,040  63017898.7   Root MSE        =    7873.1

------------------------------------------------------------------------------
        re78 | Coefficient  Std. err.      t    P>|t|     [95% conf. interval]
-------------+----------------------------------------------------------------
       treat |    1071.42   761.8448     1.41   0.160    -422.2158    2565.057
         ps2 |  -20629.96   2929.232    -7.04   0.000    -26372.87   -14887.05
       ps2sq |   19663.41   3861.576     5.09   0.000     12092.59    27234.22
       _cons |   8643.605   138.0159    62.63   0.000     8373.018    8914.192
------------------------------------------------------------------------------

. di as txt "Column (3) Quadratic in score = " as res %10.4f _b[treat]
Column (3) Quadratic in score =  1071.4205

. * -> 논문 값 1,117과 비교. Column (2)의 972보다 벤치마크 1,794에 더
. *    가까워지는데, 이게 바로 "score를 비선형으로 쓰는 것"의 가치를
. *    보여주는 지점 — 논문 5절(Sensitivity Analysis)의 핵심 메시지이기도 하다.
. 
. * --- Column (6): Observations ---
. * pscore가 만든 공식 common-support 안에서 몇 명이 남았는지 확인.
. * (실행해보니 이 버전에서는 comsup이라는 이름으로 생성됨: 1=common support 안, 0=밖)
. count if comsup==1
  4,041

. count if comsup==1 & treat==1
  185

. count if comsup==1 & treat==0
  3,856

. 
. * --- Column (4): Stratification, Unadjusted ---
. atts re78 treat, pscore(ps2) blockid(pblock) comsup



ATT estimation with the Stratification method
Analytical standard errors

---------------------------------------------------------
n. treat.   n. contr.         ATT   Std. Err.           t
---------------------------------------------------------

      185        3856    1485.281     736.045       2.018

---------------------------------------------------------

. * Becker-Ichino의 stratification 추정량. 우리가 손으로 짜려던 로직
. * (구간별 평균차이를 treated 수로 가중평균)을, balancing test로 제대로
. * 만들어진 구간(pblock) 위에서 실행해준다. Bootstrap 표준오차도 같이 나온다.
. 
. * --- Column (5): Adjusted (within-block regression) ---
. * atts 자체는 unadjusted만 제공하므로, adjusted는 구간을 pblock으로
. * 교체해서 이전과 같은 방식(statsby로 구간별 회귀 후 가중평균)으로 계산한다.
. *
. * 여기서만 쓰는 두 개의 다리(bridge) 파일은 tempfile로 만든다 — 시스템
. * 임시 폴더에 저장되고 do-file이 끝나면 자동으로 지워지므로, 프로젝트
. * 폴더($path)에는 흔적이 남지 않는다.
. tempfile block_n1 block_results

. 
. bysort pblock: egen n1_block = total(treat)

. 
. preserve

.     duplicates drop pblock, force

Duplicates in terms of pblock

(16,168 observations deleted)

.     keep pblock n1_block

.     save `block_n1', replace
(file /var/folders/dx/x6txsgb53zs9_1dbn44zzb940000gn/T//S_65296.000001 not found)
file /var/folders/dx/x6txsgb53zs9_1dbn44zzb940000gn/T//S_65296.000001 saved as .dta format

. restore

. 
. * 주의: 여기서 통제하는 공변량은 propensity score용 $X(14개)가 아니라,
. * 논문 Table 3 각주 (a)의 "adjusted" 스펙(Column 2와 동일, 8개)이어야
. * 한다. $X를 그대로 쓰면 block 7(29 obs), block 8(44 obs)처럼 관측치가
. * 적은 block에서 파라미터 수(treat+14개 공변량+상수=16개)가 거의
. * saturated 상태가 되어 계수가 극단적으로 불안정해지고, 그 block들이
. * treated 비중이 커서(각각 20명, 36명) 가중합 전체가 크게 튄다.
. statsby delta_k=_b[treat], by(pblock) saving(`block_results', replace): ///
>     regress re78 treat age age2 education nodegree black hispanic re74 re75 if comsup==1
(running regress on estimation sample)

      Command: regress re78 treat age age2 education nodegree black hispanic re74 re75 if comsup==1
      delta_k: _b[treat]
           By: pblock
(file /var/folders/dx/x6txsgb53zs9_1dbn44zzb940000gn/T//S_65296.000002 not found)

Statsby groups:
........

. 
. use `block_results', clear
(statsby: regress)

. describe

Contains data from /var/folders/dx/x6txsgb53zs9_1dbn44zzb940000gn/T//S_65296.000002
 Observations:             8                  statsby: regress
    Variables:             2                  28 Sep 2026 00:47
-------------------------------------------------------------------------------------------------------------------
Variable      Storage   Display    Value
    name         type    format    label      Variable label
-------------------------------------------------------------------------------------------------------------------
pblock          float   %9.0g                 Number of block
delta_k         float   %9.0g                 _b[treat]
-------------------------------------------------------------------------------------------------------------------
Sorted by: pblock

. * pblock 기준으로 최종 구간 개수만큼 관측치가 나와야 정상.
. 
. merge 1:1 pblock using `block_n1'

    Result                      Number of obs
    -----------------------------------------
    Not matched                             1
        from master                         0  (_merge==1)
        from using                          1  (_merge==2)

    Matched                                 8  (_merge==3)
    -----------------------------------------

. drop _merge

. 
. egen total_n1 = total(n1_block)

. gen weight_k = n1_block / total_n1

. gen contrib_k = weight_k * delta_k
(1 missing value generated)

. 
. summarize contrib_k

    Variable |        Obs        Mean    Std. dev.       Min        Max
-------------+---------------------------------------------------------
   contrib_k |          8     187.825    266.2408  -54.11335   633.6983

. scalar ATT_strat_adj = r(sum)

. display "Column (5) Stratification, Adjusted ATT = " ATT_strat_adj
Column (5) Stratification, Adjusted ATT = 1502.6001

. 
. 
. * ==========================================================
. * STEP 6. Overlap 체크
. *   [과제 PDF Audit 항목 1: "Plot the two ê densities. Enforce common
. *    support, report how many comparison units you dropped, and say
. *    what population your ATT now describes."]
. * ==========================================================
. 
. use "merged.dta", clear

. 
. sum ps if treat==1

    Variable |        Obs        Mean    Std. dev.       Min        Max
-------------+---------------------------------------------------------
          ps |        185    .4253567    .3076908   .0010614   .9384554

. local tmin = r(min)

. local tmax = r(max)

. sum ps if treat==0

    Variable |        Obs        Mean    Std. dev.       Min        Max
-------------+---------------------------------------------------------
          ps |     15,992    .0066476    .0416672   1.18e-09   .9239787

. local cmin = r(min)

. local cmax = r(max)

. 
. di _n as txt "Treated score range:  " as res %7.5f `tmin' " to " %7.5f `tmax'

Treated score range:  0.00106 to 0.93846

. di as txt "Control score range:  " as res %7.5f `cmin' " to " %7.5f `cmax'
Control score range:  0.00000 to 0.92398

. 
. count if treat==1 & (ps > `cmax' | ps < `cmin')
  6

. di as txt "Treated units OUTSIDE the control score range: " as res r(N)
Treated units OUTSIDE the control score range: 6

. * common-support 위반 개수 — 이 숫자를 audit에 "몇 명을 dropped" 했는지로 보고.
. 
. count if treat==0 & ps > 0.1
  230

. di as txt "Controls with a score above 0.1: " as res r(N) as txt " of 15,992"
Controls with a score above 0.1: 230 of 15,992

. 
. label define grp 0 "CPS controls (15,992)" 1 "NSW treated (185)", replace

. label values treat grp

. 
. * 두 그룹 크기 차이가 커서 단순 겹쳐그리기론 안 보이므로, bin별 개수를
. * 세고 y축 상한을 잘라서(capping) 그린다.
. preserve

.     gen double bin = floor(ps/0.1)*0.1 + 0.05

.     contract treat bin

.     gen double nshow = min(_freq, 110)

.     twoway (bar nshow bin, barwidth(0.09) color(navy%70)), ///
>         by(treat, cols(1) ///
>            note("Shared count scale, cut at 110.")) ///
>         yscale(range(0 110)) ylabel(0(25)100) ///
>         xlabel(0(0.2)1) xtitle("estimated propensity score") ///
>         ytitle("number of observations") name(overlap_hand, replace)

.     graph export "overlap_hand.png", replace width(1000)
file /Users/seunghyeon/myproject/Microeconometrics/Topic1/seunghyeon/overlap_hand.png saved as PNG format

. restore

. * -> 이 그림 + 위의 count 결과 + "이제 ATT는 common support 안에 있는
. *    treated 참가자들에 대한 평균효과로 좁혀진다"는 서술이 audit 항목 1의 답.
. 
. 
. * ==========================================================
. * STEP 6b (검증 — DW(1999) Figure 2 캡션의 구체적 숫자와 비교)
. *
. *   논문은 실제 로짓 계수를 공개하지 않지만, Figure 2 캡션에 딱 세
. *   가지 정량적 숫자를 직접 적어놨다:
. *     - treated의 최소 ps보다 작은 CPS control 12,611명이 버려짐
. *       (2002 논문 자체는 같은 스펙인데도 11,168명이라고 되어있어서,
. *        원저자들도 재실행할 때마다 정확히 같지는 않다 — 우리 결과가
. *        소폭 다른 것도 이상한 일이 아니다.)
. *     - 버려지지 않고 남은 control 중 첫 bin에 2,969명 (전체 남은
. *       3,381명의 87.8%)
. *     - ps > 0.8인 treated 35명, comparison 7명
. *   우리 ps로 똑같이 계산해서 이 숫자들과 비교하면, "score 추정이
. *   논문과 비슷한 모양으로 나왔는지"를 데이터로 직접 검증할 수 있다.
. * ==========================================================
. 
. use "merged.dta", clear

. 
. sum ps if treat==1

    Variable |        Obs        Mean    Std. dev.       Min        Max
-------------+---------------------------------------------------------
          ps |        185    .4253567    .3076908   .0010614   .9384554

. local tmin = r(min)

. 
. count if treat==0 & ps < `tmin'
  12,136

. local n_discarded = r(N)

. 
. count if treat==0 & ps >= `tmin'
  3,856

. local n_remaining = r(N)

. 
. count if treat==0 & ps >= `tmin' & ps < `tmin' + 0.05
  3,466

. local n_firstbin = r(N)

. 
. count if treat==1 & ps > 0.8
  36

. local n_treat_hi = r(N)

. 
. count if treat==0 & ps > 0.8
  8

. local n_ctrl_hi = r(N)

. 
. di _n as txt "{hline 78}"

------------------------------------------------------------------------------

. di as txt "DW(1999) Figure 2 캡션과 비교"
DW(1999) Figure 2 캡션과 비교

. di as txt "{hline 78}"
------------------------------------------------------------------------------

. di as txt "Discarded comparison units (ps < min ps of treated) = " as res `n_discarded' ///
>    as txt "   [논문 1999: 12,611 / 2002: 11,168]"
Discarded comparison units (ps < min ps of treated) = 12136   [논문 1999: 12,611 / 2002: 11,168]

. di as txt "Remaining comparison units                          = " as res `n_remaining'
Remaining comparison units                          = 3856

. di as txt "First bin (width 0.05) among remaining              = " as res `n_firstbin' ///
>    as txt " (" as res %4.1f 100*`n_firstbin'/`n_remaining' as txt "% of remaining)" ///
>    as txt "   [논문 1999: 2,969 of 3,381 = 87.8%]"
First bin (width 0.05) among remaining              = 3466 (89.9% of remaining)   [논문 1999: 2,969 of 3,381 = 87.8
> %]

. di as txt "Treated with ps > 0.8                                = " as res `n_treat_hi' ///
>    as txt "   [논문 1999: 35]"
Treated with ps > 0.8                                = 36   [논문 1999: 35]

. di as txt "Comparison with ps > 0.8                             = " as res `n_ctrl_hi' ///
>    as txt "   [논문 1999: 7]"
Comparison with ps > 0.8                             = 8   [논문 1999: 7]

. di as txt "{hline 78}"
------------------------------------------------------------------------------

. 
. 
. * ==========================================================
. * STEP 7. Table 3, CPS-1 행의 column (7)(8) 재현 — Matching
. *   [과제 PDF Reproduce 항목 2 계속]
. *   column (7): Matching on the score, Unadjusted
. *   column (8): Matching on the score, Adjusted  <- 현재 미구현 (TODO, 아래 참고)
. *
. *   Nearest neighbor on the score, with replacement.
. *   185 x 15,992 쌍을 전부 만드는 대신, score 기준으로 정렬한 뒤 각
. *   treated 단위 바로 위/아래 control만 후보로 놓고 더 가까운 쪽을
. *   고른다 (동점이면 양쪽 가중평균). 비용은 정렬 한 번 (n log n).
. * ==========================================================
. 
. use "merged.dta", clear

. 
. * 이 Step에서만 쓰는 다리(bridge) 파일들은 전부 tempfile로 만든다.
. * tempfile은 시스템 임시 폴더에 저장되고, do-file 실행이 끝나면(또는
. * Stata를 닫으면) 자동으로 삭제되므로 프로젝트 폴더에는 남지 않는다.
. * pairs, cweight는 Step 8에서도 다시 쓰는데, local macro는 같은 do-file
. * 안에서는 끝까지 살아있으므로 여기서 만든 그대로 Step 8에서 재사용한다.
. tempfile roster cells matched side1 pairs matched_y paird_outcomes cweight

. 
. * B4(Step 8)에서 balance weight 계산에 쓸, control 하나당 한 줄짜리 테이블.
. preserve

.     keep if treat==0
(185 observations deleted)

.     keep id ps

.     rename id   cid

.     save `roster', replace
(file /var/folders/dx/x6txsgb53zs9_1dbn44zzb940000gn/T//S_65296.000005 not found)
file /var/folders/dx/x6txsgb53zs9_1dbn44zzb940000gn/T//S_65296.000005 saved as .dta format

. restore

. 
. preserve

.     keep if treat==0
(185 observations deleted)

.     keep ps id

.     collapse (count) ncell=id, by(ps)

.     gen byte iscell = 1

.     save `cells', replace
(file /var/folders/dx/x6txsgb53zs9_1dbn44zzb940000gn/T//S_65296.000006 not found)
file /var/folders/dx/x6txsgb53zs9_1dbn44zzb940000gn/T//S_65296.000006 saved as .dta format

. restore

. 
. preserve

.     keep if treat==1
(15,992 observations deleted)

.     keep id ps

.     rename id tid

.     gen byte iscell = 0

.     append using `cells'

.     sort ps iscell

. 
.     gen double lo_ps = ps      if iscell==1
(185 missing values generated)

.     gen double lo_n  = ncell   if iscell==1
(185 missing values generated)

.     replace lo_ps = lo_ps[_n-1] if missing(lo_ps) & _n>1
(185 real changes made)

.     replace lo_n  = lo_n[_n-1]  if missing(lo_n)  & _n>1
(185 real changes made)

. 
.     gsort -ps -iscell

.     gen double hi_ps = ps      if iscell==1
(185 missing values generated)

.     gen double hi_n  = ncell   if iscell==1
(185 missing values generated)

.     replace hi_ps = hi_ps[_n-1] if missing(hi_ps) & _n>1
(179 real changes made)

.     replace hi_n  = hi_n[_n-1]  if missing(hi_n)  & _n>1
(179 real changes made)

. 
.     keep if iscell==0
(13,614 observations deleted)

.     gen double d_lo = ps - lo_ps

.     gen double d_hi = hi_ps - ps
(6 missing values generated)

.     gen double dist = min(cond(missing(d_lo),.,d_lo), cond(missing(d_hi),.,d_hi))

. 
.     gen int    nties  = .
(185 missing values generated)

.     gen double mps    = .
(185 missing values generated)

.     replace nties  = lo_n  if d_lo <  d_hi | missing(d_hi)
(76 real changes made)

.     replace mps    = lo_ps if d_lo <  d_hi | missing(d_hi)
(76 real changes made)

.     replace nties  = hi_n  if d_hi <  d_lo | missing(d_lo)
(109 real changes made)

.     replace mps    = hi_ps if d_hi <  d_lo | missing(d_lo)
(109 real changes made)

.     replace nties  = lo_n + hi_n if d_lo==d_hi & !missing(d_lo)
(0 real changes made)

. 
.     keep tid dist nties mps lo_ps hi_ps d_lo d_hi lo_n hi_n

.     save `matched', replace
(file /var/folders/dx/x6txsgb53zs9_1dbn44zzb940000gn/T//S_65296.000007 not found)
file /var/folders/dx/x6txsgb53zs9_1dbn44zzb940000gn/T//S_65296.000007 saved as .dta format

. restore

. 
. use `matched', clear

. gen double w_each = 1/nties

. keep if !missing(mps)
(0 observations deleted)

. keep tid mps w_each

. rename mps ps

. save `side1', replace
(file /var/folders/dx/x6txsgb53zs9_1dbn44zzb940000gn/T//S_65296.000008 not found)
file /var/folders/dx/x6txsgb53zs9_1dbn44zzb940000gn/T//S_65296.000008 saved as .dta format

. 
. * 동점(양쪽이 정확히 같은 거리)인 경우: 양쪽 다 매칭으로 인정.
. use `matched', clear

. gen double w_each = 1/nties

. keep if missing(mps)
(185 observations deleted)

. expand 2
(0 observations created)

. gen byte side = .

. bysort tid: replace side = _n

. gen double ps = cond(side==1, lo_ps, hi_ps)

. 
. keep tid ps w_each

. append using `side1'

. 
. joinby ps using `roster'

. keep tid cid w_each

. rename w_each w

. 
. save `pairs', replace
(file /var/folders/dx/x6txsgb53zs9_1dbn44zzb940000gn/T//S_65296.000009 not found)
file /var/folders/dx/x6txsgb53zs9_1dbn44zzb940000gn/T//S_65296.000009 saved as .dta format

. 
. use `matched', clear

. di _n as txt "{hline 70}"

----------------------------------------------------------------------

. di as txt "How many controls each treated unit was matched to"
How many controls each treated unit was matched to

. di as txt "{hline 70}"
----------------------------------------------------------------------

. tab nties

      nties |      Freq.     Percent        Cum.
------------+-----------------------------------
          1 |        154       83.24       83.24
          2 |         20       10.81       94.05
          3 |          8        4.32       98.38
          5 |          1        0.54       98.92
          9 |          1        0.54       99.46
         26 |          1        0.54      100.00
------------+-----------------------------------
      Total |        185      100.00

. sum dist, detail

                            dist
-------------------------------------------------------------
      Percentiles      Smallest
 1%            0              0
 5%            0              0
10%            0              0       Obs                 185
25%     .0000185              0       Sum of wgt.         185

50%     .0006331                      Mean           .0030869
                        Largest       Std. dev.      .0053439
75%     .0036151       .0220105
90%     .0092774       .0251941       Variance       .0000286
95%     .0132013       .0253028       Skewness       2.572139
99%     .0253028       .0280785       Kurtosis       9.938285

. * -> 이 결과가 "matching choices" 서술(몇 명과 매칭됐는지, 동점 처리 방식)에 쓰인다.
. 
. * --- Column (7): Matching, Unadjusted ---
. use `pairs', clear

. rename cid id

. merge m:1 id using "merged.dta", keep(match) keepusing(re78) nogen

    Result                      Number of obs
    -----------------------------------------
    Not matched                             0
    Matched                               258  
    -----------------------------------------

. gen double wc_re78 = w * re78

. collapse (sum) c_re78=wc_re78, by(tid)

. save `matched_y', replace
(file /var/folders/dx/x6txsgb53zs9_1dbn44zzb940000gn/T//S_65296.00000a not found)
file /var/folders/dx/x6txsgb53zs9_1dbn44zzb940000gn/T//S_65296.00000a saved as .dta format

. 
. use `matched', clear

. keep tid dist

. merge 1:1 tid using `matched_y', nogen

    Result                      Number of obs
    -----------------------------------------
    Not matched                             0
    Matched                               185  
    -----------------------------------------

. rename tid id

. merge 1:1 id using "merged.dta", keep(match) keepusing(re78) nogen

    Result                      Number of obs
    -----------------------------------------
    Not matched                             0
    Matched                               185  
    -----------------------------------------

. gen double paird = re78 - c_re78

. 
. di _n as txt "{hline 70}"

----------------------------------------------------------------------

. sum paird

    Variable |        Obs        Mean    Std. dev.       Min        Max
-------------+---------------------------------------------------------
       paird |        185    730.3805    10060.12  -21778.04   57541.63

. di as txt "Column (7) Matching, Unadjusted ATT = " as res %10.4f r(mean)
Column (7) Matching, Unadjusted ATT =   730.3805

. di as txt "{hline 70}"
----------------------------------------------------------------------

. scalar ATT_dw_match = r(mean)

. * Step 9(Sample selection)에서 이 DW-sample 매칭 ATT를 다시 불러 쓸 것이므로
. * scalar로 저장해둔다 (한 do-file 안에서는 scalar가 끝까지 살아있다).
. * teffects psmatch로 나온 결과와 비교해서 소수점 몇 자리까지 일치하는지
. * 확인하면, 손으로 짠 알고리즘이 맞게 작동하는지 검증할 수 있다.
. 
. save `paird_outcomes', replace
(file /var/folders/dx/x6txsgb53zs9_1dbn44zzb940000gn/T//S_65296.00000b not found)
file /var/folders/dx/x6txsgb53zs9_1dbn44zzb940000gn/T//S_65296.00000b saved as .dta format

. 
. * --- Column (8): Matching, Adjusted ---
. * DW는 matching으로 만들어진 표본(treated + 매칭된 control, control은
. * 매칭 횟수만큼 가중치)에 대해 re78을 covariate에 회귀시켜서 treat의
. * 계수를 조정된 ATT로 쓴다. `pairs'(방금 만든 매칭 결과)에서 control별
. * 가중치 w를 만들고, 그 가중치로 가중회귀(aweight)를 돌리면 된다.
. * (Step 8에서도 같은 계산을 다시 하는데, 파일을 다시 만들어도 내용은
. *  같으니 문제 없다 — 그냥 두 번 계산하는 셈.)
. use `pairs', clear

. collapse (sum) w, by(cid)

. rename cid id

. save `cweight', replace
(file /var/folders/dx/x6txsgb53zs9_1dbn44zzb940000gn/T//S_65296.00000c not found)
file /var/folders/dx/x6txsgb53zs9_1dbn44zzb940000gn/T//S_65296.00000c saved as .dta format

. 
. use "merged.dta", clear

. merge 1:1 id using `cweight', nogen

    Result                      Number of obs
    -----------------------------------------
    Not matched                        16,022
        from master                    16,022  
        from using                          0  

    Matched                               155  
    -----------------------------------------

. replace w = 0 if missing(w) & treat==0
(15,837 real changes made)

. * 매칭에 한 번도 안 쓰인 control은 가중치 0.
. replace w = 1 if treat==1
(185 real changes made)

. * treated는 전원 가중치 1 (매칭에서 전부 최소 한 번씩은 쓰였으므로).
. 
. regress re78 treat $X [aw=w]
(sum of wgt is 370)

      Source |       SS           df       MS      Number of obs   =       340
-------------+----------------------------------   F(15, 324)      =      3.11
       Model |  2.3232e+09        15   154879326   Prob > F        =    0.0001
    Residual |  1.6121e+10       324  49754646.9   R-squared       =    0.1260
-------------+----------------------------------   Adj R-squared   =    0.0855
       Total |  1.8444e+10       339  54406181.4   Root MSE        =    7053.7

------------------------------------------------------------------------------
        re78 | Coefficient  Std. err.      t    P>|t|     [95% conf. interval]
-------------+----------------------------------------------------------------
       treat |    1109.18   784.9621     1.41   0.159    -435.0862    2653.446
         age |  -170.0228   1917.518    -0.09   0.929    -3942.381    3602.336
        age2 |   3.154442   65.06956     0.05   0.961    -124.8577    131.1666
   education |  -2168.975   1125.354    -1.93   0.055    -4382.899    44.94828
       educ2 |   156.0515   62.49899     2.50   0.013     33.09649    279.0066
     married |   132.4846   1088.034     0.12   0.903    -2008.018    2272.988
    nodegree |   775.9877   1376.282     0.56   0.573     -1931.59    3483.565
       black |     -815.2   1305.935    -0.62   0.533    -3384.383    1753.983
    hispanic |   1861.272   2246.987     0.83   0.408    -2559.255    6281.799
        re74 |   .2799987   .5197785     0.54   0.590    -.7425683    1.302566
        re75 |   .3933847   .1852671     2.12   0.034     .0289064     .757863
         u74 |   2866.338   1410.447     2.03   0.043     91.54715    5641.128
         u75 |   -1701.37   1053.639    -1.61   0.107    -3774.208    371.4685
   educ_re74 |  -.0058301   .0421148    -0.14   0.890     -.088683    .0770229
        age3 |  -.0185214   .7012277    -0.03   0.979    -1.398056    1.361013
       _cons |   10812.05   18677.99     0.58   0.563    -25933.41     47557.5
------------------------------------------------------------------------------

. * treat의 계수가 Column (8). aweight는 관측치별 신뢰도(=매칭된 횟수)를
. * 반영한 가중최소제곱으로, control이 여러 번 매칭됐으면 그만큼 더 비중있게
. * 반영되고, 한 번도 안 쓰인 control(w=0)은 회귀에서 빠지는 것과 같다.
. 
. di _n as txt "{hline 70}"

----------------------------------------------------------------------

. di as txt "Column (8) Matching, Adjusted ATT = " as res %10.4f _b[treat]
Column (8) Matching, Adjusted ATT =  1109.1797

. di as txt "{hline 70}"
----------------------------------------------------------------------

. * -> 논문의 CPS-1 Column (8) 값 1,616 (표준오차 751)과 비교.
. 
. use `paird_outcomes', clear

. * Column (8) 회귀 때문에 메모리의 데이터가 merged.dta로 바뀌었으므로,
. * caliper 민감도 계산에 필요한 paird/dist 변수가 있는 파일을 다시 불러온다.
. 
. * --- Caliper 민감도 (과제의 "common-support rule, including any
. *      caliper or trimming rule" 서술에 직접 쓸 수 있는 부분) ---
. foreach c in 0.05 0.01 0.001 {
  2.     quietly sum paird if dist <= `c'
  3.     di as txt "caliper " as res %6.3f `c' as txt ": ATT = " as res %9.2f r(mean) ///
>        as txt "   treated units kept: " as res r(N) as txt " of 185"
  4. }
caliper  0.050: ATT =    730.38   treated units kept: 185 of 185
caliper  0.010: ATT =    758.28   treated units kept: 168 of 185
caliper  0.001: ATT =    115.30   treated units kept: 106 of 185

. di as txt "Caliper를 좁힐수록 매칭 품질은 좋아지지만 표본이 줄어든다."
Caliper를 좁힐수록 매칭 품질은 좋아지지만 표본이 줄어든다.

. di as txt "그만큼 estimand 자체가 바뀌는 것이므로 보고서에 명시해야 한다."
그만큼 estimand 자체가 바뀌는 것이므로 보고서에 명시해야 한다.

. 
. 
. * ==========================================================
. * STEP 8. Balance 체크
. *   [과제 PDF Audit 항목 2: "Within propensity-score strata, compare
. *    covariate means across treated and controls. Report balance
. *    before and after your adjustment, and say which covariates
. *    required refitting the score."]
. *
. *   표준화된 차이 (standardized difference):
. *     d = (xbar_treated - xbar_control) / sqrt((s2_t + s2_c)/2)
. *   |d| < 0.1이면 관례적으로 balance가 괜찮다고 판단한다.
. * ==========================================================
. 
. * pairs, cweight는 Step 7에서 만든 tempfile local macro를 그대로 재사용한다
. * (같은 do-file 안에서는 local macro가 끝까지 살아있음).
. use `pairs', clear

. collapse (sum) w, by(cid)

. rename cid id

. save `cweight', replace
file /var/folders/dx/x6txsgb53zs9_1dbn44zzb940000gn/T//S_65296.00000c saved as .dta format

. 
. use "merged.dta", clear

. merge 1:1 id using `cweight', nogen

    Result                      Number of obs
    -----------------------------------------
    Not matched                        16,022
        from master                    16,022  
        from using                          0  

    Matched                               155  
    -----------------------------------------

. replace w = 0 if missing(w) & treat==0
(15,837 real changes made)

. replace w = 1 if treat==1
(185 real changes made)

. * treated는 전원 1번씩, control은 매칭된 횟수만큼, 안 쓰인 control은 0으로 가중.
. 
. di _n as txt "{hline 78}"

------------------------------------------------------------------------------

. di as txt %-12s "covariate" %16s "std diff raw" %18s "std diff matched" %18s "var ratio matched"
covariate       std diff raw  std diff matched var ratio matched

. di as txt "{hline 78}"
------------------------------------------------------------------------------

. local worst = 0

. local worstv ""

. foreach v of global X {
  2.     quietly sum `v' if treat==1
  3.     local mt = r(mean)
  4.     local vt = r(Var)
  5.     quietly sum `v' if treat==0
  6.     local mc = r(mean)
  7.     local vc = r(Var)
  8.     local draw = (`mt'-`mc')/sqrt((`vt'+`vc')/2)
  9. 
.     quietly sum `v' if treat==1 [aw=w]
 10.     local mt2 = r(mean)
 11.     local vt2 = r(Var)
 12.     quietly sum `v' if treat==0 [aw=w]
 13.     local mc2 = r(mean)
 14.     local vc2 = r(Var)
 15.     local dmat = (`mt2'-`mc2')/sqrt((`vt2'+`vc2')/2)
 16.     local vrat = `vt2'/`vc2'
 17. 
.     if abs(`dmat') > `worst' {
 18.         local worst = abs(`dmat')
 19.         local worstv "`v'"
 20.     }
 21.     di as txt %-12s "`v'" as res %16.4f `draw' %18.4f `dmat' %18.4f `vrat'
 22. }
age                  -0.7962            0.0228            1.1704
age2                 -0.8031            0.0384            1.3230
education            -0.6785           -0.2305            1.0870
educ2                -0.7604           -0.2392            1.0566
married              -1.2326            0.0138            1.0215
nodegree              0.9038            0.2392            0.8566
black                 2.4277           -0.0931            1.2129
hispanic             -0.0507            0.1595            2.1244
re74                 -1.5690            0.0544            1.1537
re75                 -1.7464            0.0176            0.9617
u74                   1.4873           -0.1351            1.1573
u75                   1.1924            0.0000            0.9989
educ_re74            -1.4828            0.0553            1.3030
age3                 -0.7886            0.0579            1.4346

. di as txt "{hline 78}"
------------------------------------------------------------------------------

. di _n as txt "Worst remaining imbalance: " as res "`worstv'" as txt " at " as res %5.3f `worst'

Worst remaining imbalance: educ2 at 0.239

. * -> "raw"열(매칭 전)과 "matched"열(매칭 후)을 비교해서 balance가 개선됐는지
. *    보고하고, |d|가 여전히 큰 covariate가 있으면 그게 "score를 다시
. *    추정해야 하는 covariate"라고 audit에 서술한다.
. 
. 
. * ==========================================================
. * STEP 9. Sample selection 비교
. *   [과제 PDF Reproduce 항목 1의 두 번째 숫자($886) + Audit 항목 3:
. *    "re-estimate your matched ATT on LaLonde's sample, where re74 does
. *    not exist and cannot enter the score, and compare the three
. *    numbers: benchmark, DW-sample ATT, LaLonde-sample ATT."]
. *
. *   nsw.dta는 LaLonde 원본 실험 표본(297 treated / 425 control)이고,
. *   변수 목록에 re74가 아예 없다 (확인: describe 결과에 re74 없음).
. *   그래서 이 표본으로는 $X에서 re74/u74/educ_re74를 뺀 축소판 스펙을 써야 한다.
. * ==========================================================
. 
. * --- (a) Benchmark, LaLonde sample (Reproduce 항목 1의 두 번째 숫자) ---
. use "nsw.dta", clear

. describe

Contains data from nsw.dta
 Observations:           722                  
    Variables:            10                  18 May 2012 09:35
-------------------------------------------------------------------------------------------------------------------
Variable      Storage   Display    Value
    name         type    format    label      Variable label
-------------------------------------------------------------------------------------------------------------------
data_id         str14   %14s                  
treat           byte    %8.0g                 
age             byte    %8.0g                 
education       byte    %8.0g                 
black           byte    %8.0g                 
hispanic        byte    %8.0g                 
married         byte    %8.0g                 
nodegree        byte    %8.0g                 
re75            float   %9.0g                 
re78            float   %9.0g                 
-------------------------------------------------------------------------------------------------------------------
Sorted by: 

. * re74 컬럼이 없다는 걸 눈으로 확인.
. tab treat

      treat |      Freq.     Percent        Cum.
------------+-----------------------------------
          0 |        425       58.86       58.86
          1 |        297       41.14      100.00
------------+-----------------------------------
      Total |        722      100.00

. * treat==1이 297명, treat==0이 425명으로 나와야 정상.
. 
. ttest re78, by(treat)

Two-sample t test with equal variances
------------------------------------------------------------------------------
   Group |     Obs        Mean    Std. err.   Std. dev.   [95% conf. interval]
---------+--------------------------------------------------------------------
       0 |     425    5090.048     277.368    5718.089    4544.861    5635.236
       1 |     297    5976.352    401.7594    6923.796    5185.685    6767.019
---------+--------------------------------------------------------------------
Combined |     722    5454.636    232.7105    6252.943    4997.765    5911.507
---------+--------------------------------------------------------------------
    diff |           -886.3037    472.0863               -1813.134    40.52635
------------------------------------------------------------------------------
    diff = mean(0) - mean(1)                                      t =  -1.8774
H0: diff = 0                                     Degrees of freedom =      720

    Ha: diff < 0                 Ha: diff != 0                 Ha: diff > 0
 Pr(T < t) = 0.0304         Pr(|T| > |t|) = 0.0609          Pr(T > t) = 0.9696

. regress re78 treat

      Source |       SS           df       MS      Number of obs   =       722
-------------+----------------------------------   F(1, 720)       =      3.52
       Model |   137332501         1   137332501   Prob > F        =    0.0609
    Residual |  2.8053e+10       720  38962866.3   R-squared       =    0.0049
-------------+----------------------------------   Adj R-squared   =    0.0035
       Total |  2.8191e+10       721  39099301.3   Root MSE        =      6242

------------------------------------------------------------------------------
        re78 | Coefficient  Std. err.      t    P>|t|     [95% conf. interval]
-------------+----------------------------------------------------------------
       treat |   886.3037   472.0863     1.88   0.061    -40.52635    1813.134
       _cons |   5090.048   302.7826    16.81   0.000     4495.606    5684.491
------------------------------------------------------------------------------

. scalar benchmark_lalonde = _b[treat]

. di as txt "Benchmark, LaLonde sample (nsw.dta) = " as res %10.4f benchmark_lalonde
Benchmark, LaLonde sample (nsw.dta) =   886.3037

. * -> 논문/과제 PDF가 말하는 $886 근처가 나와야 한다.
. 
. * --- (b) Working sample: LaLonde의 treated(297명) + CPS-1 comparison ---
. use "nsw.dta", clear

. drop if treat == 0
(425 observations deleted)

. * nsw.dta 원래의 실험 control(425명)은 benchmark 계산에만 쓰고 여기선 버린다.
. append using "cps_controls.dta"
(variable treat was byte, now float to accommodate using data's values)
(variable age was byte, now float to accommodate using data's values)
(variable education was byte, now float to accommodate using data's values)
(variable black was byte, now float to accommodate using data's values)
(variable hispanic was byte, now float to accommodate using data's values)
(variable married was byte, now float to accommodate using data's values)
(variable nodegree was byte, now float to accommodate using data's values)

. replace treat = 0 if missing(treat)
(0 real changes made)

. 
. gen age2  = age^2

. gen educ2 = education^2

. gen u75   = re75 == 0

. gen age3  = age^3

. * re74가 없으니 u74, educ_re74도 만들 수 없다 — $X에서 통째로 뺀다.
. 
. gen long id = _n

. tab treat

      treat |      Freq.     Percent        Cum.
------------+-----------------------------------
          0 |     15,992       98.18       98.18
          1 |        297        1.82      100.00
------------+-----------------------------------
      Total |     16,289      100.00

. save "_alldata_lalonde.dta", replace
file _alldata_lalonde.dta saved

. * 이 파일은 merged.dta의 LaLonde-sample 버전이라 핵심 데이터로 남겨둔다
. * (스크래치용 다리 파일들과 달리 계속 참고하는 대상이므로 tempfile로 안 만듦).
. 
. * --- (c) Propensity score, re74 관련 항 전부 제외 ---
. global XL "age age2 education educ2 married nodegree black hispanic re75 u75 age3"

. * DW 각주 (g)에서 RE74, u74, education*RE74 세 항만 뺀 버전.
. * (re74 자체가 없는 표본이니 당연히 이 세 항은 추정할 수 없다.)
. 
. logit treat $XL

Iteration 0:  Log likelihood = -1483.6162  
Iteration 1:  Log likelihood = -1401.8379  
Iteration 2:  Log likelihood = -802.96343  
Iteration 3:  Log likelihood = -695.70894  
Iteration 4:  Log likelihood = -681.04527  
Iteration 5:  Log likelihood = -680.68373  
Iteration 6:  Log likelihood = -680.68243  
Iteration 7:  Log likelihood = -680.68243  

Logistic regression                                    Number of obs =  16,289
                                                       LR chi2(11)   = 1605.87
                                                       Prob > chi2   =  0.0000
Log likelihood = -680.68243                            Pseudo R2     =  0.5412

------------------------------------------------------------------------------
       treat | Coefficient  Std. err.      z    P>|z|     [95% conf. interval]
-------------+----------------------------------------------------------------
         age |   2.182633   .2798465     7.80   0.000     1.634144    2.731122
        age2 |  -.0627301   .0090234    -6.95   0.000    -.0804157   -.0450445
   education |   1.094154   .2377749     4.60   0.000     .6281236    1.560184
       educ2 |  -.0577499    .012209    -4.73   0.000     -.081679   -.0338208
     married |  -1.714676   .1964586    -8.73   0.000    -2.099727   -1.329624
    nodegree |   1.231273   .2484015     4.96   0.000     .7444152    1.718131
       black |   3.771986   .2022916    18.65   0.000     3.375501     4.16847
    hispanic |   2.001159   .2760393     7.25   0.000     1.460132    2.542186
        re75 |    -.00014   .0000181    -7.71   0.000    -.0001756   -.0001044
         u75 |   .2080506   .1895125     1.10   0.272     -.163387    .5794882
        age3 |   .0005488   .0000912     6.02   0.000     .0003701    .0007276
       _cons |  -32.49305   3.057323   -10.63   0.000    -38.48529    -26.5008
------------------------------------------------------------------------------

. predict double psl, pr

. label var psl "e-hat (LaLonde sample, no RE74) = Pr(treat=1|X)"

. 
. di _n as txt "{hline 70}"

----------------------------------------------------------------------

. tabstat psl, by(treat) stat(n mean p10 p50 p90 min max) format(%9.5f)

Summary for variables: psl
Group variable: treat 

   treat |         N      Mean       p10       p50       p90       Min       Max
---------+----------------------------------------------------------------------
       0 |  1.60e+04   0.01146   0.00001   0.00036   0.01295   0.00000   0.86859
       1 | 297.00000   0.38270   0.01731   0.39104   0.77924   0.00032   0.86895
---------+----------------------------------------------------------------------
   Total |  1.63e+04   0.01823   0.00001   0.00039   0.01605   0.00000   0.86895
--------------------------------------------------------------------------------

. di as txt "{hline 70}"
----------------------------------------------------------------------

. 
. save "_alldata_lalonde.dta", replace
file _alldata_lalonde.dta saved

. 
. * --- (d) Overlap 체크 (Step 6과 같은 방식) ---
. sum psl if treat==1

    Variable |        Obs        Mean    Std. dev.       Min        Max
-------------+---------------------------------------------------------
         psl |        297    .3826965     .267525   .0003241   .8689457

. local tmin_l = r(min)

. local tmax_l = r(max)

. sum psl if treat==0

    Variable |        Obs        Mean    Std. dev.       Min        Max
-------------+---------------------------------------------------------
         psl |     15,992    .0114644    .0535602   1.30e-07    .868593

. local cmin_l = r(min)

. local cmax_l = r(max)

. 
. di _n as txt "Treated score range:  " as res %7.5f `tmin_l' " to " %7.5f `tmax_l'

Treated score range:  0.00032 to 0.86895

. di as txt "Control score range:  " as res %7.5f `cmin_l' " to " %7.5f `cmax_l'
Control score range:  0.00000 to 0.86859

. 
. count if treat==1 & (psl > `cmax_l' | psl < `cmin_l')
  1

. di as txt "Treated units OUTSIDE the control score range: " as res r(N) as txt " of 297"
Treated units OUTSIDE the control score range: 1 of 297

. 
. * --- (e) Matching: Step 7과 동일한 sort 기반 nearest-neighbor 알고리즘 ---
. * (여기서 쓰는 다리 파일들도 전부 tempfile로 만든다 — Step 7의 pairs 등과
. *  이름이 겹치지 않도록 _l을 붙인 별도의 local macro를 새로 선언한다.)
. tempfile roster_l cells_l matched_l side1_l pairs_l matched_y_l

. 
. preserve

.     keep if treat==0
(297 observations deleted)

.     keep id psl

.     rename id cid

.     save `roster_l', replace
(file /var/folders/dx/x6txsgb53zs9_1dbn44zzb940000gn/T//S_65296.00000g not found)
file /var/folders/dx/x6txsgb53zs9_1dbn44zzb940000gn/T//S_65296.00000g saved as .dta format

. restore

. 
. preserve

.     keep if treat==0
(297 observations deleted)

.     keep psl id

.     collapse (count) ncell=id, by(psl)

.     gen byte iscell = 1

.     save `cells_l', replace
(file /var/folders/dx/x6txsgb53zs9_1dbn44zzb940000gn/T//S_65296.00000h not found)
file /var/folders/dx/x6txsgb53zs9_1dbn44zzb940000gn/T//S_65296.00000h saved as .dta format

. restore

. 
. preserve

.     keep if treat==1
(15,992 observations deleted)

.     keep id psl

.     rename id tid

.     gen byte iscell = 0

.     append using `cells_l'

.     sort psl iscell

. 
.     gen double lo_ps = psl     if iscell==1
(297 missing values generated)

.     gen double lo_n  = ncell   if iscell==1
(297 missing values generated)

.     replace lo_ps = lo_ps[_n-1] if missing(lo_ps) & _n>1
(297 real changes made)

.     replace lo_n  = lo_n[_n-1]  if missing(lo_n)  & _n>1
(297 real changes made)

. 
.     gsort -psl -iscell

.     gen double hi_ps = psl     if iscell==1
(297 missing values generated)

.     gen double hi_n  = ncell   if iscell==1
(297 missing values generated)

.     replace hi_ps = hi_ps[_n-1] if missing(hi_ps) & _n>1
(296 real changes made)

.     replace hi_n  = hi_n[_n-1]  if missing(hi_n)  & _n>1
(296 real changes made)

. 
.     keep if iscell==0
(12,613 observations deleted)

.     gen double d_lo = psl - lo_ps

.     gen double d_hi = hi_ps - psl
(1 missing value generated)

.     gen double dist = min(cond(missing(d_lo),.,d_lo), cond(missing(d_hi),.,d_hi))

. 
.     gen int    nties  = .
(297 missing values generated)

.     gen double mps    = .
(297 missing values generated)

.     replace nties  = lo_n  if d_lo <  d_hi | missing(d_hi)
(135 real changes made)

.     replace mps    = lo_ps if d_lo <  d_hi | missing(d_hi)
(135 real changes made)

.     replace nties  = hi_n  if d_hi <  d_lo | missing(d_lo)
(162 real changes made)

.     replace mps    = hi_ps if d_hi <  d_lo | missing(d_lo)
(162 real changes made)

.     replace nties  = lo_n + hi_n if d_lo==d_hi & !missing(d_lo)
(0 real changes made)

. 
.     keep tid dist nties mps lo_ps hi_ps d_lo d_hi lo_n hi_n

.     save `matched_l', replace
(file /var/folders/dx/x6txsgb53zs9_1dbn44zzb940000gn/T//S_65296.00000i not found)
file /var/folders/dx/x6txsgb53zs9_1dbn44zzb940000gn/T//S_65296.00000i saved as .dta format

. restore

. 
. use `matched_l', clear

. gen double w_each = 1/nties

. keep if !missing(mps)
(0 observations deleted)

. keep tid mps w_each

. rename mps psl

. save `side1_l', replace
(file /var/folders/dx/x6txsgb53zs9_1dbn44zzb940000gn/T//S_65296.00000j not found)
file /var/folders/dx/x6txsgb53zs9_1dbn44zzb940000gn/T//S_65296.00000j saved as .dta format

. 
. use `matched_l', clear

. gen double w_each = 1/nties

. keep if missing(mps)
(297 observations deleted)

. expand 2
(0 observations created)

. gen byte side = .

. bysort tid: replace side = _n

. gen double psl = cond(side==1, lo_ps, hi_ps)

. keep tid psl w_each

. append using `side1_l'

. 
. joinby psl using `roster_l'

. keep tid cid w_each

. rename w_each w

. save `pairs_l', replace
(file /var/folders/dx/x6txsgb53zs9_1dbn44zzb940000gn/T//S_65296.00000k not found)
file /var/folders/dx/x6txsgb53zs9_1dbn44zzb940000gn/T//S_65296.00000k saved as .dta format

. 
. di _n as txt "How many controls each treated unit was matched to (LaLonde sample)"

How many controls each treated unit was matched to (LaLonde sample)

. use `matched_l', clear

. tab nties

      nties |      Freq.     Percent        Cum.
------------+-----------------------------------
          1 |        241       81.14       81.14
          2 |         37       12.46       93.60
          3 |          9        3.03       96.63
          4 |          8        2.69       99.33
          8 |          1        0.34       99.66
         14 |          1        0.34      100.00
------------+-----------------------------------
      Total |        297      100.00

. sum dist, detail

                            dist
-------------------------------------------------------------
      Percentiles      Smallest
 1%            0              0
 5%            0              0
10%            0              0       Obs                 297
25%     .0000158              0       Sum of wgt.         297

50%     .0003685                      Mean           .0019503
                        Largest       Std. dev.      .0037767
75%     .0020126       .0158848
90%      .005775       .0159317       Variance       .0000143
95%     .0131303       .0213117       Skewness       2.857084
99%     .0159317       .0217228       Kurtosis       11.22199

. 
. * --- (f) LaLonde-sample Matching ATT (Unadjusted) ---
. use `pairs_l', clear

. rename cid id

. merge m:1 id using "_alldata_lalonde.dta", keep(match) keepusing(re78) nogen

    Result                      Number of obs
    -----------------------------------------
    Not matched                             0
    Matched                               396  
    -----------------------------------------

. gen double wc_re78 = w * re78

. collapse (sum) c_re78=wc_re78, by(tid)

. save `matched_y_l', replace
(file /var/folders/dx/x6txsgb53zs9_1dbn44zzb940000gn/T//S_65296.00000l not found)
file /var/folders/dx/x6txsgb53zs9_1dbn44zzb940000gn/T//S_65296.00000l saved as .dta format

. 
. use `matched_l', clear

. keep tid dist

. merge 1:1 tid using `matched_y_l', nogen

    Result                      Number of obs
    -----------------------------------------
    Not matched                             0
    Matched                               297  
    -----------------------------------------

. rename tid id

. merge 1:1 id using "_alldata_lalonde.dta", keep(match) keepusing(re78) nogen

    Result                      Number of obs
    -----------------------------------------
    Not matched                             0
    Matched                               297  
    -----------------------------------------

. gen double paird_l = re78 - c_re78

. 
. sum paird_l

    Variable |        Obs        Mean    Std. dev.       Min        Max
-------------+---------------------------------------------------------
     paird_l |        297   -883.4865    9850.444  -25564.67   59536.56

. scalar ATT_lalonde_match = r(mean)

. di as txt "LaLonde-sample Matching ATT (Unadjusted) = " as res %10.4f ATT_lalonde_match
LaLonde-sample Matching ATT (Unadjusted) =  -883.4865

. 
. * --- (g) 세 숫자 나란히 비교 — 이게 곧 "discussant's argument, in your own output" ---
. di _n as txt "{hline 78}"

------------------------------------------------------------------------------

. di as txt "SAMPLE SELECTION COMPARISON (Audit 항목 3)"
SAMPLE SELECTION COMPARISON (Audit 항목 3)

. di as txt "{hline 78}"
------------------------------------------------------------------------------

. di as txt "Benchmark, DW sample      (nsw_dw.dta, 185/260) = " as res %9.2f benchmark_dw
Benchmark, DW sample      (nsw_dw.dta, 185/260) =   1794.34

. di as txt "Benchmark, LaLonde sample (nsw.dta,    297/425) = " as res %9.2f benchmark_lalonde
Benchmark, LaLonde sample (nsw.dta,    297/425) =    886.30

. di as txt "Matching ATT, DW sample      (Step 7, RE74 포함) = " as res %9.2f ATT_dw_match
Matching ATT, DW sample      (Step 7, RE74 포함) =    730.38

. di as txt "Matching ATT, LaLonde sample (이번 Step, RE74 없음) = " as res %9.2f ATT_lalonde_match
Matching ATT, LaLonde sample (이번 Step, RE74 없음) =   -883.49

. di as txt "{hline 78}"
------------------------------------------------------------------------------

. * 서술 포인트 (audit 문서에 옮겨 쓸 것):
. *   - DW가 "2년치 소득 요건"을 부과하면서 benchmark 자체가 886 -> 1,794로
. *     크게 바뀐다. 표본이 달라지면 "실험이 답하는 질문" 자체가 달라진다는
. *     뜻이고, 이게 두 논문 사이 논쟁(Smith-Todd)의 핵심이다.
. *   - RE74를 score에서 뺀 LaLonde-sample 매칭 ATT가 DW-sample 매칭 ATT와
. *     어떻게 다른지 비교하면, "선구조적 소득(RE74)을 통제하는 것이
. *     selection bias를 얼마나 줄여주는가"를 직접 보여주는 숫자가 된다.
. 
. 
. * ==========================================================
. * STEP 10 (EXTRA — 과제 필수 사항 아님).
. *   Dehejia & Wahba (2002, ReStat) Table 2 (p.155), CPS 패널의
. *   "No. of Observations"와 "Mean Propensity Score" 두 열을 최대한
. *   재현해본다.
. *
. *   확인된 사실: Table 2 note (a)의 propensity score spec —
. *     Age, Age2, Age3, School, School2, Married, No degree, Black,
. *     Hisp, RE74, RE75, U74, U75, School*RE74
. *   은 1999(JASA) 논문 footnote (g)의 CPS-1 spec과 항이 완전히
. *   똑같다(순서만 다름). 즉 propensity score를 새로 추정할 필요 없이,
. *   Step 4에서 만든 ps(=e-hat)를 그대로 재사용하면 된다.
. *
. *   대신 아래 네 가지를 새로 구현해야 숫자가 맞는다:
. *     (1) NSW / Full CPS 두 행 — 이미 있는 ps로 바로 mean/obs 계산
. *     (2) without-replacement 매칭 (random / low-to-high / high-to-low)
. *         — 우리가 아직 안 만든 알고리즘
. *     (3) with-replacement nearest-neighbor의 "매칭에 실제로 쓰인
. *         서로 다른(unique) control 개수"와 "그 control들만의 mean ps"
. *     (4) caliper matching — "가장 가까운 것 하나"가 아니라 "반경 안의
. *         전체"를 매칭에 포함시키는 방식 (Step 7 끝의 caliper 민감도
. *         체크와는 다른 알고리즘)
. * ==========================================================
. 
. use "merged.dta", clear

. keep id treat ps

. 
. * --- Row 1, 2: NSW / Full CPS ---
. di _n as txt "{hline 60}"

------------------------------------------------------------

. sum ps if treat==1

    Variable |        Obs        Mean    Std. dev.       Min        Max
-------------+---------------------------------------------------------
          ps |        185    .4253567    .3076908   .0010614   .9384554

. di as txt "NSW           : obs = " as res %6.0f r(N) as txt "   mean ps = " as res %6.4f r(mean)
NSW           : obs =    185   mean ps = 0.4254

. sum ps if treat==0

    Variable |        Obs        Mean    Std. dev.       Min        Max
-------------+---------------------------------------------------------
          ps |     15,992    .0066476    .0416672   1.18e-09   .9239787

. di as txt "Full CPS      : obs = " as res %6.0f r(N) as txt "   mean ps = " as res %6.4f r(mean)
Full CPS      : obs =  15992   mean ps = 0.0066

. di as txt "{hline 60}"
------------------------------------------------------------

. * -> 논문: NSW obs=185 mean=0.37 / Full CPS obs=15,992 mean=0.01
. 
. 
. * ----------------------------------------------------------
. * (A) Without-replacement matching: random / low-to-high / high-to-low
. *
. *   각 treated 유닛을 지정된 순서로 하나씩 처리하면서, 아직 안 쓰인
. *   control 중 propensity score가 가장 가까운 것을 하나 골라 매칭하고
. *   그 control을 pool에서 제거한다(그래서 "without replacement" —
. *   control 하나는 딱 한 번만 쓸 수 있다). one-to-one 매칭이라 obs는
. *   항상 185(=treated 수)로 나온다.
. * ----------------------------------------------------------
. 
. foreach order in random low_to_high high_to_low {
  2. 
.     * treated 185명을 원하는 순서로 정렬해서 ps 값을 행렬로 뽑아둔다
.     * (행렬에 담아두면, 아래에서 control pool 데이터를 메모리에
.     *  올려놓은 채로도 각 treated의 ps 값에 계속 접근할 수 있다).
.     preserve
  3.         keep if treat==1
  4.         if "`order'" == "random" {
  5.             set seed 20260927
  6.             gen double sortkey = runiform()
  7.         }
  8.         else if "`order'" == "low_to_high" {
  9.             gen double sortkey = ps
 10.         }
 11.         else {
 12.             gen double sortkey = -ps
 13.         }
 14.         sort sortkey
 15.         capture matrix drop tps_mat
 16.         mkmat ps, matrix(tps_mat)
 17.     restore
 18. 
.     * control pool: 아직 안 쓰였으면 used==0
.     preserve
 19.         keep if treat==0
 20.         keep id ps
 21.         gen byte used = 0
 22. 
.         tempname wr
 23.         tempfile wr_out
 24.         postfile `wr' matched_id double matched_ps using `wr_out', replace
 25. 
.         forvalues i = 1/185 {
 26.             local tps = tps_mat[`i',1]
 27. 
.             gen double dist = abs(ps - `tps')
 28.             quietly replace dist = . if used == 1
 29.             * missing은 ascending 정렬에서 항상 맨 뒤로 가므로, 이미
.             * 쓴 control은 자동으로 후보에서 빠진다.
.             sort dist
 30.             local bestid = id[1]
 31.             local bestps = ps[1]
 32.             quietly replace used = 1 if id == `bestid'
 33.             drop dist
 34. 
.             post `wr' (`bestid') (`bestps')
 35.         }
 36.         postclose `wr'
 37. 
.         use `wr_out', clear
 38.         di _n as txt "Without replacement (`order'): obs = " as res %6.0f _N
 39.         sum matched_ps
 40.     restore
 41. }
(15,992 observations deleted)
(185 observations deleted)
(file /var/folders/dx/x6txsgb53zs9_1dbn44zzb940000gn/T//S_65296.00000r not found)

Without replacement (random): obs =    185

    Variable |        Obs        Mean    Std. dev.       Min        Max
-------------+---------------------------------------------------------
  matched_ps |        185    .2987921    .2189085   .0010615   .9239787
(15,992 observations deleted)
(185 observations deleted)
(file /var/folders/dx/x6txsgb53zs9_1dbn44zzb940000gn/T//S_65296.00000u not found)

Without replacement (low_to_high): obs =    185

    Variable |        Obs        Mean    Std. dev.       Min        Max
-------------+---------------------------------------------------------
  matched_ps |        185    .2988118    .2188949   .0010615   .9239787
(15,992 observations deleted)
(185 observations deleted)
(file /var/folders/dx/x6txsgb53zs9_1dbn44zzb940000gn/T//S_65296.00000x not found)

Without replacement (high_to_low): obs =    185

    Variable |        Obs        Mean    Std. dev.       Min        Max
-------------+---------------------------------------------------------
  matched_ps |        185    .2987921    .2189085   .0010615   .9239787

. * -> 논문: 세 방식 모두 obs=185, mean ps=0.32 (표준오차 0.03)
. 
. 
. * ----------------------------------------------------------
. * (B) With replacement, nearest neighbor
. *
. *   Step 7에서 이미 만든 매칭 결과(tempfile `pairs')를 재사용한다.
. *   with replacement이므로 같은 control이 여러 treated에게 쓰일 수
. *   있어서, "매칭에 실제로 쓰인 서로 다른 control 개수"(unique 개수)가
. *   논문의 No. of Observations(=119)에 해당한다.
. * ----------------------------------------------------------
. 
. use `pairs', clear

. duplicates drop cid, force

Duplicates in terms of cid

(103 observations deleted)

. count
  155

. local nn_obs = r(N)

. rename cid id

. merge 1:1 id using "merged.dta", keep(match) keepusing(ps) nogen

    Result                      Number of obs
    -----------------------------------------
    Not matched                             0
    Matched                               155  
    -----------------------------------------

. 
. di _n as txt "With replacement, nearest neighbor: obs = " as res %6.0f `nn_obs'

With replacement, nearest neighbor: obs =    155

. sum ps

    Variable |        Obs        Mean    Std. dev.       Min        Max
-------------+---------------------------------------------------------
          ps |        155    .2139268    .2511086   .0010615   .9239787

. * -> 논문: obs=119, mean ps=0.37
. 
. 
. * ----------------------------------------------------------
. * (C) Caliper matching (반경 안의 전체를 매칭)
. *
. *   DW(2002)의 caliper matching은 "가장 가까운 것 하나"가 아니라,
. *   각 treated 유닛에 대해 propensity score 차이가 caliper(delta) 이내인
. *   comparison 유닛을 전부 매칭에 포함시킨다. 한 comparison 유닛이
. *   여러 treated의 caliper에 동시에 들어가면 여러 번 쓰인 것으로 센다
. *   (그래서 No. of Observations가 185보다 훨씬 커진다).
. *   caliper 안에 하나도 안 걸리는 treated가 있으면(논문 각주 10),
. *   그 treated는 가장 가까운 control 1개로 대체한다.
. *
. *   구현 방법: cross(모든 treated x 모든 control 조합)를 만들어서
. *   거리를 계산하고 필터링한다. 185 x 15,992 = 약 296만 행이 생기지만,
. *   숫자 몇 개짜리 데이터라 메모리 문제는 없다.
. * ----------------------------------------------------------
. 
. use "merged.dta", clear

. keep if treat==0
(185 observations deleted)

. keep id ps

. rename id cid

. rename ps cps

. tempfile ctrlset

. save `ctrlset'
file /var/folders/dx/x6txsgb53zs9_1dbn44zzb940000gn/T//S_65296.000010 saved as .dta format

. 
. foreach delta in 0.00001 0.00005 0.0001 {
  2. 
.     use "merged.dta", clear
  3.     keep if treat==1
  4.     keep id ps
  5.     rename id tid
  6.     rename ps tps
  7. 
.     cross using `ctrlset'
  8.     * 이제 185 x 15,992개의 모든 treated-control 조합이 다 있다.
.     gen double dist = abs(tps - cps)
  9. 
.     * treated별로 가장 가까운 control 하나 (caliper가 0개인 경우의 대체용).
.     * 정확히 동률로 가장 가까운 control이 둘 이상이면 하나만 남긴다
.     * (아래 merge가 1:1이 되려면 tid가 중복되면 안 되기 때문).
.     bysort tid: egen double mindist = min(dist)
 10. 
.     preserve
 11.         keep if dist <= `delta'
 12.         tempfile within
 13.         save `within'
 14.     restore
 15. 
.     keep if dist == mindist
 16.     bysort tid: keep if _n == 1
 17.     tempfile nearest
 18.     save `nearest'
 19. 
.     * within(caliper 안에 걸린 것)에 이미 있는 treated 목록
.     use `within', clear
 20.     duplicates drop tid, force
 21.     keep tid
 22.     gen byte has_within = 1
 23.     tempfile covered
 24.     save `covered'
 25. 
.     * within에 하나도 없는 treated만 nearest로 대체 매칭
.     use `nearest', clear
 26.     merge 1:1 tid using `covered'
 27.     keep if missing(has_within)
 28.     drop _merge has_within
 29.     tempfile fallback
 30.     save `fallback'
 31. 
.     use `within', clear
 32.     append using `fallback'
 33. 
.     count
 34.     local n_delta = r(N)
 35.     sum cps
 36.     di _n as txt "Caliper `delta': obs = " as res %6.0f `n_delta' ///
>        as txt "   mean ps = " as res %6.4f r(mean)
 37. }
(15,992 observations deleted)
(2,958,333 observations deleted)
file /var/folders/dx/x6txsgb53zs9_1dbn44zzb940000gn/T//S_65296.000012 saved as .dta format
(2,958,262 observations deleted)
(73 observations deleted)
file /var/folders/dx/x6txsgb53zs9_1dbn44zzb940000gn/T//S_65296.000013 saved as .dta format

Duplicates in terms of tid

(146 observations deleted)
file /var/folders/dx/x6txsgb53zs9_1dbn44zzb940000gn/T//S_65296.000014 saved as .dta format

    Result                      Number of obs
    -----------------------------------------
    Not matched                           144
        from master                       144  (_merge==1)
        from using                          0  (_merge==2)

    Matched                                41  (_merge==3)
    -----------------------------------------
(41 observations deleted)
file /var/folders/dx/x6txsgb53zs9_1dbn44zzb940000gn/T//S_65296.000015 saved as .dta format
  331

    Variable |        Obs        Mean    Std. dev.       Min        Max
-------------+---------------------------------------------------------
         cps |        331    .2630607    .3094665   .0010516   .9239787

Caliper 0.00001: obs =    331   mean ps = 0.2631
(15,992 observations deleted)
(2,957,773 observations deleted)
file /var/folders/dx/x6txsgb53zs9_1dbn44zzb940000gn/T//S_65296.000017 saved as .dta format
(2,958,262 observations deleted)
(73 observations deleted)
file /var/folders/dx/x6txsgb53zs9_1dbn44zzb940000gn/T//S_65296.000018 saved as .dta format

Duplicates in terms of tid

(689 observations deleted)
file /var/folders/dx/x6txsgb53zs9_1dbn44zzb940000gn/T//S_65296.000019 saved as .dta format

    Result                      Number of obs
    -----------------------------------------
    Not matched                           127
        from master                       127  (_merge==1)
        from using                          0  (_merge==2)

    Matched                                58  (_merge==3)
    -----------------------------------------
(58 observations deleted)
file /var/folders/dx/x6txsgb53zs9_1dbn44zzb940000gn/T//S_65296.00001a saved as .dta format
  874

    Variable |        Obs        Mean    Std. dev.       Min        Max
-------------+---------------------------------------------------------
         cps |        874     .101568    .2283221   .0010121   .9239787

Caliper 0.00005: obs =    874   mean ps = 0.1016
(15,992 observations deleted)
(2,957,024 observations deleted)
file /var/folders/dx/x6txsgb53zs9_1dbn44zzb940000gn/T//S_65296.00001c saved as .dta format
(2,958,262 observations deleted)
(73 observations deleted)
file /var/folders/dx/x6txsgb53zs9_1dbn44zzb940000gn/T//S_65296.00001d saved as .dta format

Duplicates in terms of tid

(1,429 observations deleted)
file /var/folders/dx/x6txsgb53zs9_1dbn44zzb940000gn/T//S_65296.00001e saved as .dta format

    Result                      Number of obs
    -----------------------------------------
    Not matched                           118
        from master                       118  (_merge==1)
        from using                          0  (_merge==2)

    Matched                                67  (_merge==3)
    -----------------------------------------
(67 observations deleted)
file /var/folders/dx/x6txsgb53zs9_1dbn44zzb940000gn/T//S_65296.00001f saved as .dta format
  1,614

    Variable |        Obs        Mean    Std. dev.       Min        Max
-------------+---------------------------------------------------------
         cps |      1,614    .0569908    .1756273   .0009618   .9239787

Caliper 0.0001: obs =   1614   mean ps = 0.0570

. * -> 논문: caliper 0.00001 -> obs=325,  mean ps=0.37
. *          caliper 0.00005 -> obs=1043, mean ps=0.37
. *          caliper 0.0001  -> obs=1731, mean ps=0.37
. 
. 
. log close
      name:  <unnamed>
       log:  /Users/seunghyeon/myproject/Microeconometrics/Topic1/seunghyeon/log_output.log
  log type:  text
 closed on:  28 Sep 2026, 00:47:35
-------------------------------------------------------------------------------------------------------------------
